Normal-798.png,0
TB-2985.png,1
TB-2174.png,1
TB-3078.png,1
Normal-569.png,0
TB-631.png,1
Normal-1856.png,0
TB-662.png,1
TB-3234.png,1
TB-2416.png,1
TB-3460.png,1
TB-1001.png,1
Normal-2668.png,0
TB-845.png,1
Normal-2140.png,0
TB-2370.png,1
Normal-1467.png,0
TB-329.png,1
TB-195.png,1
Normal-1748.png,0
Normal-1751.png,0
TB-133.png,1
Normal-1196.png,0
TB-3104.png,1
Normal-1051.png,0
Normal-2158.png,0
Normal-175.png,0
Normal-2680.png,0
TB-3273.png,1
Normal-2124.png,0
TB-1800.png,1
TB-1585.png,1
Normal-3374.png,0
TB-1797.png,1
TB-1487.png,1
Normal-2036.png,0
TB-1223.png,1
Normal-90.png,0
Normal-1613.png,0
TB-2762.png,1
Normal-2252.png,0
Normal-2995.png,0
Normal-2095.png,0
Normal-1718.png,0
TB-1567.png,1
Normal-1906.png,0
TB-688.png,1
TB-175.png,1
Normal-1736.png,0
Normal-2165.png,0
Normal-2604.png,0
TB-926.png,1
Normal-3486.png,0
Normal-776.png,0
Normal-2551.png,0
Normal-2595.png,0
Normal-1526.png,0
TB-2291.png,1
TB-2178.png,1
TB-239.png,1
Normal-3408.png,0
Normal-435.png,0
Normal-2770.png,0
TB-1730.png,1
Normal-2858.png,0
Normal-3058.png,0
TB-2299.png,1
TB-3272.png,1
TB-2927.png,1
TB-2815.png,1
TB-3415.png,1
Normal-3323.png,0
TB-3112.png,1
TB-3407.png,1
Normal-2081.png,0
Normal-484.png,0
TB-2783.png,1
Normal-2000.png,0
TB-1451.png,1
Normal-1925.png,0
Normal-938.png,0
Normal-1353.png,0
TB-2320.png,1
Normal-127.png,0
Normal-2701.png,0
Normal-1602.png,0
TB-2733.png,1
Normal-2951.png,0
Normal-592.png,0
Normal-2257.png,0
TB-1549.png,1
TB-1496.png,1
Normal-2281.png,0
TB-1920.png,1
TB-1625.png,1
Normal-3236.png,0
Normal-585.png,0
Normal-2070.png,0
Normal-342.png,0
Normal-952.png,0
Normal-699.png,0
Normal-767.png,0
TB-2690.png,1
TB-1392.png,1
TB-1025.png,1
Normal-463.png,0
Normal-1336.png,0
Normal-273.png,0
Normal-148.png,0
Normal-3054.png,0
Normal-789.png,0
Normal-2276.png,0
Normal-1880.png,0
Normal-2667.png,0
TB-111.png,1
Normal-1121.png,0
TB-1949.png,1
Normal-1382.png,0
TB-1831.png,1
Normal-2221.png,0
Normal-2796.png,0
TB-608.png,1
TB-322.png,1
TB-2747.png,1
TB-254.png,1
Normal-3107.png,0
TB-992.png,1
TB-14.png,1
Normal-763.png,0
Normal-599.png,0
TB-3223.png,1
TB-1268.png,1
Normal-197.png,0
Normal-214.png,0
Normal-450.png,0
Normal-3487.png,0
TB-3457.png,1
TB-2256.png,1
TB-112.png,1
TB-3464.png,1
Normal-305.png,0
Normal-1552.png,0
Normal-833.png,0
Normal-2428.png,0
Normal-2735.png,0
TB-2934.png,1
Normal-2705.png,0
Normal-2662.png,0
Normal-2479.png,0
Normal-1654.png,0
Normal-1670.png,0
TB-3480.png,1
TB-91.png,1
Normal-2399.png,0
TB-3479.png,1
TB-1254.png,1
Normal-3116.png,0
TB-900.png,1
TB-162.png,1
TB-3384.png,1
TB-505.png,1
TB-1315.png,1
Normal-2618.png,0
TB-38.png,1
Normal-499.png,0
TB-3.png,1
TB-820.png,1
TB-120.png,1
TB-1827.png,1
TB-1018.png,1
Normal-2605.png,0
TB-736.png,1
TB-2538.png,1
Normal-106.png,0
Normal-1631.png,0
Normal-380.png,0
TB-2146.png,1
Normal-2596.png,0
TB-737.png,1
Normal-1274.png,0
TB-2696.png,1
TB-1849.png,1
TB-3491.png,1
Normal-1440.png,0
TB-816.png,1
TB-1029.png,1
Normal-1737.png,0
TB-3324.png,1
Normal-1518.png,0
TB-2694.png,1
TB-1003.png,1
TB-201.png,1
TB-3421.png,1
Normal-1715.png,0
Normal-1996.png,0
Normal-3205.png,0
Normal-1814.png,0
TB-1715.png,1
Normal-2365.png,0
Normal-1486.png,0
TB-2259.png,1
TB-2929.png,1
Normal-2206.png,0
Normal-22.png,0
TB-2508.png,1
TB-295.png,1
Normal-375.png,0
Normal-2738.png,0
Normal-159.png,0
TB-1848.png,1
Normal-166.png,0
TB-2152.png,1
TB-3317.png,1
Normal-745.png,0
Normal-1593.png,0
TB-676.png,1
Normal-411.png,0
TB-3374.png,1
TB-2204.png,1
Normal-3182.png,0
Normal-2581.png,0
TB-2590.png,1
TB-2004.png,1
TB-2833.png,1
TB-1197.png,1
TB-572.png,1
TB-1347.png,1
TB-2768.png,1
Normal-1703.png,0
TB-1694.png,1
TB-1513.png,1
TB-69.png,1
TB-2774.png,1
Normal-108.png,0
TB-2554.png,1
TB-2642.png,1
Normal-2150.png,0
Normal-2267.png,0
Normal-1535.png,0
TB-2991.png,1
TB-1311.png,1
Normal-3198.png,0
TB-2402.png,1
Normal-1184.png,0
TB-364.png,1
TB-2351.png,1
Normal-2940.png,0
Normal-1869.png,0
TB-3058.png,1
TB-885.png,1
TB-1174.png,1
TB-2592.png,1
TB-731.png,1
TB-304.png,1
Normal-1100.png,0
TB-658.png,1
Normal-2381.png,0
TB-1198.png,1
TB-961.png,1
Normal-2172.png,0
TB-1861.png,1
TB-3168.png,1
TB-2788.png,1
TB-2008.png,1
TB-1750.png,1
TB-1970.png,1
TB-3055.png,1
TB-2095.png,1
TB-3148.png,1
Normal-1397.png,0
Normal-3314.png,0
TB-3315.png,1
TB-1889.png,1
Normal-768.png,0
TB-1604.png,1
TB-1548.png,1
Normal-1222.png,0
Normal-2972.png,0
TB-1790.png,1
TB-2645.png,1
TB-2340.png,1
TB-1763.png,1
TB-248.png,1
TB-2980.png,1
Normal-931.png,0
Normal-1624.png,0
TB-1511.png,1
Normal-929.png,0
TB-1072.png,1
TB-989.png,1
TB-3389.png,1
TB-280.png,1
TB-1612.png,1
Normal-681.png,0
Normal-3011.png,0
TB-3069.png,1
TB-1978.png,1
Normal-614.png,0
TB-127.png,1
TB-3057.png,1
TB-2277.png,1
TB-3466.png,1
TB-1931.png,1
TB-2126.png,1
TB-1745.png,1
Normal-1844.png,0
Normal-1033.png,0
TB-2749.png,1
TB-3385.png,1
TB-2312.png,1
TB-964.png,1
TB-3158.png,1
Normal-301.png,0
TB-468.png,1
Normal-76.png,0
Normal-102.png,0
TB-138.png,1
Normal-2739.png,0
TB-2775.png,1
TB-2475.png,1
Normal-1680.png,0
TB-225.png,1
Normal-2729.png,0
TB-2710.png,1
Normal-2539.png,0
Normal-2076.png,0
Normal-2652.png,0
TB-3477.png,1
TB-2197.png,1
TB-2528.png,1
Normal-2042.png,0
Normal-706.png,0
TB-1984.png,1
Normal-3478.png,0
Normal-2220.png,0
TB-1193.png,1
TB-270.png,1
TB-210.png,1
TB-1640.png,1
TB-1362.png,1
TB-1261.png,1
Normal-2004.png,0
Normal-3181.png,0
Normal-3248.png,0
Normal-1616.png,0
TB-787.png,1
TB-2246.png,1
TB-2589.png,1
Normal-1290.png,0
Normal-2512.png,0
Normal-996.png,0
TB-2396.png,1
TB-2358.png,1
Normal-888.png,0
TB-3044.png,1
Normal-2005.png,0
Normal-2089.png,0
Normal-1673.png,0
TB-1195.png,1
TB-3178.png,1
TB-187.png,1
TB-1074.png,1
TB-52.png,1
Normal-3286.png,0
TB-1474.png,1
TB-62.png,1
Normal-3024.png,0
Normal-1362.png,0
TB-1234.png,1
TB-2569.png,1
TB-895.png,1
Normal-2970.png,0
TB-3370.png,1
Normal-401.png,0
Normal-1731.png,0
Normal-629.png,0
TB-1196.png,1
TB-2037.png,1
TB-350.png,1
Normal-2386.png,0
Normal-161.png,0
Normal-3213.png,0
Normal-1974.png,0
Normal-2763.png,0
Normal-1374.png,0
Normal-2686.png,0
TB-1868.png,1
TB-2403.png,1
TB-2916.png,1
Normal-2104.png,0
TB-1998.png,1
TB-664.png,1
TB-1393.png,1
Normal-67.png,0
Normal-227.png,0
TB-2055.png,1
TB-158.png,1
Normal-782.png,0
TB-3146.png,1
TB-3430.png,1
Normal-944.png,0
TB-12.png,1
TB-1.png,1
Normal-935.png,0
Normal-3028.png,0
TB-1448.png,1
Normal-3003.png,0
TB-1093.png,1
Normal-778.png,0
Normal-379.png,0
TB-96.png,1
TB-2852.png,1
TB-2384.png,1
TB-3199.png,1
Normal-2354.png,0
TB-1119.png,1
Normal-180.png,0
Normal-48.png,0
TB-1662.png,1
TB-523.png,1
TB-1986.png,1
TB-905.png,1
TB-1899.png,1
Normal-2212.png,0
TB-1378.png,1
TB-520.png,1
TB-3432.png,1
TB-39.png,1
Normal-211.png,0
Normal-1139.png,0
TB-1580.png,1
TB-3204.png,1
TB-1607.png,1
TB-1846.png,1
TB-565.png,1
Normal-796.png,0
TB-1937.png,1
Normal-1276.png,0
Normal-212.png,0
Normal-557.png,0
TB-1874.png,1
Normal-694.png,0
TB-2855.png,1
Normal-3140.png,0
TB-1735.png,1
TB-129.png,1
Normal-822.png,0
Normal-391.png,0
Normal-1109.png,0
TB-1600.png,1
TB-3043.png,1
TB-1653.png,1
TB-2268.png,1
TB-2241.png,1
TB-749.png,1
TB-2854.png,1
TB-490.png,1
Normal-2550.png,0
Normal-1186.png,0
TB-359.png,1
TB-553.png,1
TB-1684.png,1
TB-754.png,1
Normal-1979.png,0
Normal-2579.png,0
TB-3288.png,1
TB-1971.png,1
TB-249.png,1
TB-1439.png,1
Normal-1741.png,0
TB-2243.png,1
Normal-334.png,0
TB-444.png,1
TB-2247.png,1
TB-324.png,1
TB-2199.png,1
Normal-658.png,0
Normal-869.png,0
Normal-2987.png,0
Normal-99.png,0
Normal-2282.png,0
TB-1327.png,1
Normal-3289.png,0
Normal-1482.png,0
TB-3054.png,1
Normal-2009.png,0
TB-3411.png,1
Normal-1666.png,0
TB-1293.png,1
TB-2301.png,1
Normal-43.png,0
TB-2826.png,1
Normal-1129.png,0
TB-170.png,1
TB-1006.png,1
Normal-1637.png,0
Normal-2372.png,0
TB-1436.png,1
Normal-2364.png,0
TB-615.png,1
TB-3426.png,1
Normal-2565.png,0
TB-3016.png,1
Normal-1371.png,0
TB-1647.png,1
TB-2877.png,1
TB-1138.png,1
Normal-3358.png,0
Normal-1926.png,0
Normal-2540.png,0
TB-2110.png,1
TB-906.png,1
TB-861.png,1
TB-2509.png,1
TB-996.png,1
TB-2550.png,1
Normal-885.png,0
TB-1022.png,1
Normal-3285.png,0
Normal-1306.png,0
TB-2529.png,1
Normal-1078.png,0
Normal-3318.png,0
TB-264.png,1
TB-945.png,1
Normal-1071.png,0
Normal-164.png,0
TB-912.png,1
Normal-374.png,0
Normal-292.png,0
TB-397.png,1
Normal-2971.png,0
TB-2772.png,1
TB-531.png,1
TB-1152.png,1
Normal-687.png,0
TB-1255.png,1
TB-1085.png,1
TB-2511.png,1
Normal-385.png,0
TB-1543.png,1
TB-261.png,1
Normal-2485.png,0
TB-1470.png,1
Normal-2007.png,0
Normal-2915.png,0
Normal-2351.png,0
Normal-2311.png,0
Normal-960.png,0
TB-3242.png,1
TB-3497.png,1
TB-2644.png,1
TB-319.png,1
Normal-1810.png,0
TB-2229.png,1
Normal-1415.png,0
TB-3473.png,1
Normal-2898.png,0
Normal-1079.png,0
Normal-3432.png,0
TB-2269.png,1
Normal-772.png,0
Normal-3184.png,0
Normal-1294.png,0
TB-2620.png,1
Normal-303.png,0
Normal-1434.png,0
Normal-321.png,0
TB-930.png,1
TB-3343.png,1
TB-2314.png,1
TB-1736.png,1
Normal-861.png,0
Normal-3393.png,0
Normal-1511.png,0
TB-506.png,1
TB-2381.png,1
TB-1190.png,1
Normal-2482.png,0
TB-1096.png,1
TB-2374.png,1
Normal-3051.png,0
TB-2117.png,1
Normal-1619.png,0
Normal-2713.png,0
TB-1491.png,1
Normal-1031.png,0
Normal-2900.png,0
TB-791.png,1
Normal-3356.png,0
TB-3152.png,1
Normal-1717.png,0
TB-681.png,1
TB-2825.png,1
TB-104.png,1
Normal-3061.png,0
TB-2937.png,1
Normal-1091.png,0
Normal-1399.png,0
TB-2533.png,1
Normal-2959.png,0
TB-2056.png,1
TB-2445.png,1
TB-2398.png,1
TB-1408.png,1
Normal-3303.png,0
Normal-1881.png,0
TB-2800.png,1
Normal-2185.png,0
Normal-267.png,0
TB-2230.png,1
TB-2653.png,1
TB-2953.png,1
Normal-113.png,0
Normal-2616.png,0
TB-525.png,1
Normal-1727.png,0
TB-1338.png,1
TB-494.png,1
Normal-1990.png,0
TB-1395.png,1
TB-211.png,1
TB-2732.png,1
TB-918.png,1
Normal-3098.png,0
Normal-780.png,0
Normal-3250.png,0
Normal-2552.png,0
Normal-1086.png,0
Normal-2385.png,0
Normal-87.png,0
Normal-1975.png,0
Normal-1872.png,0
Normal-1984.png,0
Normal-402.png,0
TB-880.png,1
Normal-1269.png,0
Normal-786.png,0
Normal-527.png,0
TB-623.png,1
Normal-40.png,0
Normal-2719.png,0
Normal-814.png,0
TB-2727.png,1
TB-3220.png,1
TB-607.png,1
TB-2079.png,1
Normal-889.png,0
TB-277.png,1
Normal-2455.png,0
Normal-1779.png,0
Normal-2486.png,0
Normal-2756.png,0
TB-2496.png,1
TB-573.png,1
Normal-2750.png,0
TB-3099.png,1
Normal-1874.png,0
TB-2191.png,1
Normal-765.png,0
TB-1308.png,1
TB-1460.png,1
Normal-625.png,0
Normal-945.png,0
TB-1576.png,1
Normal-2953.png,0
Normal-1567.png,0
TB-2631.png,1
Normal-139.png,0
Normal-1960.png,0
Normal-112.png,0
Normal-883.png,0
Normal-2323.png,0
Normal-160.png,0
Normal-2379.png,0
TB-2053.png,1
Normal-525.png,0
TB-2162.png,1
Normal-1598.png,0
Normal-3215.png,0
Normal-1147.png,0
TB-1740.png,1
Normal-905.png,0
TB-618.png,1
TB-2365.png,1
TB-377.png,1
TB-2179.png,1
Normal-1004.png,0
TB-1285.png,1
Normal-1149.png,0
Normal-130.png,0
TB-19.png,1
Normal-881.png,0
Normal-394.png,0
Normal-475.png,0
TB-2723.png,1
TB-2182.png,1
TB-954.png,1
TB-2283.png,1
TB-299.png,1
TB-2148.png,1
Normal-1473.png,0
TB-411.png,1
TB-1229.png,1
TB-1449.png,1
TB-1004.png,1
TB-1948.png,1
Normal-3489.png,0
TB-2838.png,1
Normal-426.png,0
Normal-2253.png,0
TB-301.png,1
TB-419.png,1
Normal-436.png,0
Normal-756.png,0
Normal-2720.png,0
TB-1904.png,1
TB-370.png,1
Normal-870.png,0
TB-733.png,1
Normal-2300.png,0
TB-215.png,1
Normal-2957.png,0
Normal-3199.png,0
TB-2976.png,1
Normal-275.png,0
Normal-2494.png,0
Normal-1966.png,0
TB-2409.png,1
TB-362.png,1
TB-2597.png,1
Normal-1494.png,0
Normal-572.png,0
Normal-2764.png,0
TB-2785.png,1
Normal-2217.png,0
Normal-1608.png,0
Normal-568.png,0
Normal-1826.png,0
TB-759.png,1
TB-2691.png,1
Normal-832.png,0
TB-2049.png,1
TB-2539.png,1
TB-2082.png,1
Normal-2641.png,0
TB-1498.png,1
TB-2130.png,1
Normal-624.png,0
TB-2133.png,1
Normal-544.png,0
TB-1441.png,1
Normal-3292.png,0
Normal-3055.png,0
TB-1680.png,1
Normal-3086.png,0
Normal-3200.png,0
TB-2073.png,1
TB-1204.png,1
Normal-684.png,0
Normal-2340.png,0
TB-3312.png,1
TB-1258.png,1
Normal-1014.png,0
Normal-223.png,0
TB-3284.png,1
TB-1058.png,1
TB-1042.png,1
Normal-1287.png,0
Normal-1259.png,0
Normal-2197.png,0
Normal-3185.png,0
Normal-755.png,0
TB-1361.png,1
Normal-1870.png,0
Normal-925.png,0
TB-2168.png,1
Normal-3441.png,0
TB-2954.png,1
Normal-1013.png,0
TB-279.png,1
TB-689.png,1
Normal-989.png,0
TB-1162.png,1
TB-3103.png,1
Normal-1230.png,0
TB-2549.png,1
TB-2242.png,1
Normal-2836.png,0
Normal-1317.png,0
TB-250.png,1
Normal-3077.png,0
TB-1305.png,1
TB-2476.png,1
Normal-1075.png,0
Normal-1978.png,0
Normal-873.png,0
TB-1857.png,1
Normal-1369.png,0
Normal-3422.png,0
TB-1466.png,1
TB-3041.png,1
Normal-1687.png,0
Normal-2841.png,0
Normal-1143.png,0
Normal-746.png,0
TB-2949.png,1
TB-2225.png,1
Normal-1697.png,0
Normal-1062.png,0
Normal-226.png,0
TB-2684.png,1
Normal-609.png,0
TB-1739.png,1
TB-2215.png,1
TB-920.png,1
TB-827.png,1
TB-1929.png,1
TB-831.png,1
TB-1213.png,1
Normal-1183.png,0
Normal-268.png,0
TB-172.png,1
Normal-1891.png,0
Normal-2826.png,0
Normal-2726.png,0
Normal-1358.png,0
TB-956.png,1
Normal-3158.png,0
TB-1035.png,1
Normal-11.png,0
TB-489.png,1
Normal-968.png,0
Normal-793.png,0
Normal-311.png,0
Normal-2119.png,0
Normal-135.png,0
Normal-3203.png,0
TB-3194.png,1
Normal-2629.png,0
Normal-2187.png,0
TB-1765.png,1
Normal-3496.png,0
TB-113.png,1
Normal-605.png,0
Normal-1161.png,0
TB-1118.png,1
TB-2575.png,1
Normal-1860.png,0
Normal-803.png,0
TB-1887.png,1
Normal-1771.png,0
TB-424.png,1
TB-3478.png,1
Normal-1999.png,0
Normal-12.png,0
Normal-693.png,0
Normal-1657.png,0
TB-213.png,1
TB-417.png,1
Normal-1408.png,0
TB-2603.png,1
TB-1373.png,1
TB-236.png,1
TB-1991.png,1
Normal-49.png,0
Normal-1936.png,0
Normal-1914.png,0
Normal-824.png,0
TB-821.png,1
TB-2967.png,1
Normal-2627.png,0
Normal-3071.png,0
Normal-16.png,0
TB-3336.png,1
Normal-3197.png,0
TB-1041.png,1
Normal-3127.png,0
TB-2562.png,1
TB-1034.png,1
TB-2121.png,1
TB-659.png,1
TB-70.png,1
Normal-1692.png,0
TB-1545.png,1
Normal-396.png,0
Normal-1525.png,0
TB-2536.png,1
Normal-1507.png,0
TB-2765.png,1
Normal-1331.png,0
Normal-670.png,0
TB-2689.png,1
Normal-3177.png,0
TB-1120.png,1
Normal-2443.png,0
TB-31.png,1
Normal-1261.png,0
Normal-1239.png,0
Normal-1596.png,0
Normal-630.png,0
Normal-1519.png,0
Normal-336.png,0
TB-3297.png,1
Normal-1145.png,0
TB-3456.png,1
Normal-878.png,0
Normal-2177.png,0
Normal-1588.png,0
Normal-623.png,0
TB-1871.png,1
TB-1656.png,1
Normal-982.png,0
TB-2322.png,1
TB-1015.png,1
Normal-3166.png,0
TB-884.png,1
TB-2000.png,1
TB-2043.png,1
TB-379.png,1
Normal-1834.png,0
TB-2026.png,1
Normal-1179.png,0
TB-298.png,1
TB-1406.png,1
Normal-2938.png,0
TB-2789.png,1
Normal-189.png,0
TB-1143.png,1
TB-1596.png,1
Normal-1562.png,0
TB-281.png,1
TB-3488.png,1
TB-2139.png,1
Normal-3120.png,0
TB-3172.png,1
TB-432.png,1
TB-3366.png,1
TB-1624.png,1
Normal-612.png,0
TB-216.png,1
Normal-2910.png,0
TB-2919.png,1
TB-2109.png,1
Normal-3032.png,0
Normal-552.png,0
Normal-1377.png,0
Normal-3165.png,0
Normal-866.png,0
TB-2890.png,1
TB-2360.png,1
Normal-842.png,0
Normal-328.png,0
Normal-1324.png,0
Normal-3261.png,0
TB-1329.png,1
Normal-1573.png,0
Normal-3196.png,0
Normal-1793.png,0
TB-26.png,1
TB-140.png,1
Normal-297.png,0
TB-423.png,1
TB-924.png,1
Normal-2152.png,0
TB-601.png,1
Normal-3322.png,0
TB-2598.png,1
Normal-3304.png,0
TB-2963.png,1
Normal-2235.png,0
Normal-688.png,0
Normal-988.png,0
TB-1182.png,1
Normal-1556.png,0
Normal-3064.png,0
Normal-3472.png,0
TB-854.png,1
TB-578.png,1
Normal-753.png,0
TB-323.png,1
Normal-1270.png,0
Normal-3082.png,0
Normal-918.png,0
Normal-3255.png,0
Normal-2435.png,0
Normal-225.png,0
Normal-2830.png,0
Normal-2591.png,0
TB-1115.png,1
Normal-1742.png,0
TB-2941.png,1
Normal-2911.png,0
Normal-3380.png,0
TB-2795.png,1
Normal-117.png,0
TB-2627.png,1
Normal-3222.png,0
Normal-3226.png,0
TB-1155.png,1
TB-2716.png,1
Normal-3172.png,0
TB-1355.png,1
Normal-920.png,0
TB-502.png,1
TB-2446.png,1
Normal-3480.png,0
Normal-3229.png,0
TB-522.png,1
TB-1199.png,1
Normal-3066.png,0
TB-1472.png,1
TB-685.png,1
Normal-668.png,0
Normal-2395.png,0
Normal-2210.png,0
TB-2044.png,1
Normal-38.png,0
Normal-1639.png,0
Normal-3456.png,0
Normal-2542.png,0
TB-780.png,1
TB-1273.png,1
Normal-911.png,0
Normal-2034.png,0
TB-1595.png,1
Normal-811.png,0
TB-2647.png,1
Normal-2597.png,0
TB-1564.png,1
Normal-1663.png,0
TB-3372.png,1
TB-3437.png,1
TB-1433.png,1
Normal-1611.png,0
TB-2038.png,1
Normal-1065.png,0
TB-967.png,1
Normal-2488.png,0
TB-1891.png,1
TB-2282.png,1
Normal-2912.png,0
TB-371.png,1
Normal-2755.png,0
TB-1703.png,1
TB-3327.png,1
Normal-1689.png,0
TB-609.png,1
Normal-2631.png,0
Normal-236.png,0
TB-1490.png,1
Normal-1806.png,0
TB-3392.png,1
Normal-2487.png,0
TB-3167.png,1
Normal-1283.png,0
Normal-2052.png,0
Normal-651.png,0
TB-999.png,1
Normal-233.png,0
Normal-1766.png,0
TB-2490.png,1
Normal-933.png,0
TB-1117.png,1
Normal-2308.png,0
Normal-1845.png,0
Normal-1878.png,0
TB-482.png,1
Normal-2468.png,0
Normal-3416.png,0
TB-2779.png,1
TB-142.png,1
Normal-1753.png,0
TB-3442.png,1
Normal-2231.png,0
TB-3450.png,1
Normal-1770.png,0
Normal-3492.png,0
TB-2778.png,1
Normal-2077.png,0
Normal-2511.png,0
TB-2662.png,1
TB-1473.png,1
Normal-1201.png,0
TB-3243.png,1
Normal-1144.png,0
TB-670.png,1
TB-2459.png,1
Normal-3405.png,0
TB-3331.png,1
Normal-1900.png,0
TB-2968.png,1
TB-218.png,1
TB-334.png,1
Normal-615.png,0
TB-2670.png,1
TB-1314.png,1
TB-1444.png,1
Normal-1831.png,0
Normal-69.png,0
TB-83.png,1
TB-1606.png,1
Normal-757.png,0
Normal-1329.png,0
TB-3494.png,1
TB-1316.png,1
Normal-330.png,0
Normal-867.png,0
TB-2363.png,1
TB-2217.png,1
Normal-3053.png,0
TB-2190.png,1
Normal-2264.png,0
Normal-1807.png,0
TB-2418.png,1
TB-312.png,1
TB-1030.png,1
Normal-1085.png,0
Normal-1220.png,0
TB-2492.png,1
TB-639.png,1
TB-63.png,1
Normal-1954.png,0
Normal-2272.png,0
Normal-3277.png,0
Normal-587.png,0
TB-2393.png,1
Normal-1049.png,0
TB-3256.png,1
TB-1578.png,1
TB-2746.png,1
Normal-886.png,0
TB-1723.png,1
TB-2426.png,1
Normal-2656.png,0
TB-1996.png,1
Normal-517.png,0
Normal-1981.png,0
TB-284.png,1
TB-1766.png,1
TB-2552.png,1
Normal-723.png,0
Normal-1140.png,0
TB-602.png,1
TB-67.png,1
Normal-1277.png,0
TB-1512.png,1
Normal-3033.png,0
Normal-1167.png,0
Normal-922.png,0
TB-1183.png,1
TB-2515.png,1
Normal-142.png,0
Normal-660.png,0
Normal-1589.png,0
TB-1629.png,1
Normal-2259.png,0
Normal-2877.png,0
TB-3130.png,1
Normal-2943.png,0
TB-2272.png,1
TB-1840.png,1
Normal-3112.png,0
Normal-571.png,0
Normal-759.png,0
TB-1788.png,1
Normal-2771.png,0
TB-1965.png,1
Normal-309.png,0
Normal-1010.png,0
TB-3375.png,1
Normal-483.png,0
Normal-2012.png,0
Normal-2671.png,0
TB-3433.png,1
TB-1940.png,1
TB-634.png,1
TB-1749.png,1
TB-2342.png,1
Normal-1155.png,0
Normal-2175.png,0
Normal-3007.png,0
TB-2132.png,1
Normal-538.png,0
Normal-1426.png,0
Normal-1225.png,0
TB-3338.png,1
TB-1793.png,1
Normal-1238.png,0
Normal-1367.png,0
TB-585.png,1
TB-1628.png,1
TB-619.png,1
TB-2594.png,1
Normal-3279.png,0
TB-1107.png,1
TB-509.png,1
TB-303.png,1
TB-2908.png,1
Normal-55.png,0
Normal-1721.png,0
TB-56.png,1
TB-3381.png,1
TB-214.png,1
TB-1101.png,1
Normal-1074.png,0
Normal-1586.png,0
Normal-276.png,0
TB-635.png,1
TB-779.png,1
Normal-89.png,0
Normal-3291.png,0
Normal-470.png,0
Normal-1326.png,0
TB-1482.png,1
TB-1608.png,1
Normal-3493.png,0
TB-2705.png,1
TB-921.png,1
Normal-124.png,0
Normal-366.png,0
TB-340.png,1
TB-1332.png,1
TB-2835.png,1
TB-1365.png,1
Normal-575.png,0
Normal-1555.png,0
TB-3482.png,1
TB-1425.png,1
TB-815.png,1
Normal-2754.png,0
TB-37.png,1
Normal-1342.png,0
TB-2474.png,1
Normal-1937.png,0
Normal-3423.png,0
Normal-1271.png,0
TB-782.png,1
TB-137.png,1
TB-2216.png,1
TB-2719.png,1
Normal-3296.png,0
TB-1461.png,1
TB-2616.png,1
Normal-264.png,0
Normal-1387.png,0
TB-2794.png,1
TB-519.png,1
Normal-640.png,0
TB-2165.png,1
Normal-1504.png,0
Normal-1255.png,0
TB-706.png,1
Normal-2683.png,0
Normal-2246.png,0
TB-3210.png,1
TB-524.png,1
TB-549.png,1
Normal-3271.png,0
TB-2101.png,1
TB-2677.png,1
TB-3354.png,1
TB-2193.png,1
Normal-2997.png,0
TB-1184.png,1
TB-1358.png,1
TB-145.png,1
Normal-1019.png,0
Normal-3483.png,0
Normal-735.png,0
TB-714.png,1
Normal-820.png,0
TB-1673.png,1
Normal-2135.png,0
TB-3186.png,1
TB-1964.png,1
TB-2814.png,1
Normal-2407.png,0
Normal-3311.png,0
Normal-1180.png,0
Normal-2059.png,0
Normal-315.png,0
Normal-1252.png,0
TB-2012.png,1
Normal-2055.png,0
TB-3036.png,1
TB-2923.png,1
TB-1497.png,1
Normal-1832.png,0
TB-1912.png,1
Normal-1251.png,0
TB-1232.png,1
Normal-1218.png,0
Normal-181.png,0
Normal-537.png,0
TB-3121.png,1
TB-892.png,1
Normal-3401.png,0
TB-156.png,1
TB-3286.png,1
Normal-930.png,0
TB-785.png,1
TB-1078.png,1
Normal-2421.png,0
TB-1167.png,1
Normal-1817.png,0
TB-2455.png,1
Normal-72.png,0
Normal-3218.png,0
Normal-619.png,0
TB-2295.png,1
TB-781.png,1
TB-2823.png,1
Normal-2353.png,0
Normal-1688.png,0
TB-1707.png,1
TB-2394.png,1
Normal-1919.png,0
TB-3147.png,1
Normal-15.png,0
Normal-1799.png,0
TB-1188.png,1
Normal-829.png,0
Normal-3119.png,0
Normal-1583.png,0
TB-844.png,1
TB-691.png,1
TB-1434.png,1
TB-2558.png,1
TB-1966.png,1
Normal-1603.png,0
TB-3323.png,1
Normal-1805.png,0
TB-871.png,1
TB-1853.png,1
Normal-728.png,0
Normal-2973.png,0
Normal-3429.png,0
Normal-81.png,0
Normal-2554.png,0
TB-643.png,1
Normal-3005.png,0
Normal-364.png,0
Normal-2962.png,0
TB-3293.png,1
TB-2050.png,1
TB-1458.png,1
TB-3000.png,1
TB-1560.png,1
TB-678.png,1
TB-3039.png,1
TB-2070.png,1
TB-2482.png,1
TB-863.png,1
Normal-1135.png,0
Normal-1164.png,0
TB-1307.png,1
TB-88.png,1
Normal-1625.png,0
TB-2570.png,1
Normal-2813.png,0
Normal-2445.png,0
Normal-3102.png,0
TB-232.png,1
TB-3142.png,1
TB-2106.png,1
TB-1134.png,1
Normal-797.png,0
TB-2614.png,1
TB-87.png,1
TB-3198.png,1
TB-2203.png,1
TB-1060.png,1
TB-2641.png,1
Normal-791.png,0
Normal-3343.png,0
Normal-3034.png,0
Normal-2954.png,0
Normal-2062.png,0
Normal-1388.png,0
TB-2344.png,1
TB-3087.png,1
TB-3453.png,1
TB-2504.png,1
TB-2675.png,1
Normal-1156.png,0
TB-3345.png,1
TB-1869.png,1
Normal-1126.png,0
Normal-1026.png,0
Normal-801.png,0
Normal-228.png,0
TB-1465.png,1
TB-193.png,1
Normal-3085.png,0
TB-704.png,1
TB-1598.png,1
TB-452.png,1
TB-562.png,1
TB-294.png,1
TB-412.png,1
Normal-1420.png,0
Normal-2335.png,0
TB-2649.png,1
Normal-997.png,0
Normal-2637.png,0
Normal-3470.png,0
TB-2738.png,1
TB-873.png,1
TB-1309.png,1
TB-234.png,1
TB-2665.png,1
Normal-1313.png,0
Normal-53.png,0
TB-1416.png,1
Normal-1499.png,0
TB-798.png,1
Normal-702.png,0
Normal-641.png,0
Normal-1992.png,0
Normal-103.png,0
TB-3241.png,1
Normal-3093.png,0
TB-2928.png,1
TB-3212.png,1
Normal-1449.png,0
Normal-1711.png,0
TB-75.png,1
Normal-39.png,0
Normal-934.png,0
Normal-1244.png,0
Normal-512.png,0
Normal-1698.png,0
Normal-1923.png,0
TB-1450.png,1
TB-636.png,1
TB-1402.png,1
Normal-1724.png,0
TB-1435.png,1
TB-2753.png,1
TB-1829.png,1
Normal-339.png,0
TB-1626.png,1
Normal-540.png,0
Normal-2060.png,0
TB-221.png,1
TB-2390.png,1
Normal-2526.png,0
Normal-893.png,0
Normal-2254.png,0
Normal-2797.png,0
TB-1720.png,1
Normal-2249.png,0
TB-2903.png,1
TB-460.png,1
TB-1381.png,1
TB-3435.png,1
Normal-191.png,0
Normal-449.png,0
TB-109.png,1
Normal-1157.png,0
TB-1065.png,1
TB-2315.png,1
TB-2792.png,1
TB-1073.png,1
TB-620.png,1
Normal-3083.png,0
Normal-2391.png,0
TB-30.png,1
TB-3239.png,1
TB-1221.png,1
Normal-2057.png,0
TB-3404.png,1
TB-3299.png,1
TB-1048.png,1
Normal-1490.png,0
TB-173.png,1
Normal-291.png,0
Normal-3125.png,0
Normal-467.png,0
Normal-1916.png,0
Normal-1154.png,0
TB-1054.png,1
TB-1741.png,1
TB-3119.png,1
TB-1374.png,1
Normal-2650.png,0
Normal-2879.png,0
TB-3236.png,1
TB-1178.png,1
TB-667.png,1
Normal-2837.png,0
TB-2278.png,1
Normal-3300.png,0
Normal-2467.png,0
TB-1346.png,1
TB-2604.png,1
TB-775.png,1
Normal-474.png,0
Normal-287.png,0
Normal-669.png,0
Normal-1488.png,0
TB-1203.png,1
TB-2264.png,1
Normal-991.png,0
TB-1975.png,1
Normal-1041.png,0
Normal-2294.png,0
Normal-2368.png,0
TB-1380.png,1
Normal-3195.png,0
Normal-562.png,0
Normal-2114.png,0
Normal-2876.png,0
TB-136.png,1
Normal-1365.png,0
TB-1442.png,1
TB-1217.png,1
Normal-2319.png,0
Normal-2195.png,0
TB-1670.png,1
Normal-531.png,0
Normal-1398.png,0
TB-2059.png,1
TB-283.png,1
Normal-3360.png,0
TB-2692.png,1
TB-1409.png,1
Normal-1327.png,0
Normal-2986.png,0
TB-2817.png,1
Normal-3473.png,0
TB-1844.png,1
Normal-2890.png,0
Normal-2976.png,0
TB-229.png,1
Normal-1198.png,0
Normal-1120.png,0
Normal-2892.png,0
Normal-2934.png,0
Normal-734.png,0
Normal-263.png,0
Normal-1750.png,0
TB-3304.png,1
Normal-923.png,0
Normal-2442.png,0
Normal-3284.png,0
TB-1353.png,1
Normal-2168.png,0
Normal-976.png,0
TB-2347.png,1
TB-1820.png,1
TB-3270.png,1
TB-331.png,1
Normal-2189.png,0
Normal-1096.png,0
TB-1774.png,1
TB-2981.png,1
TB-2663.png,1
Normal-458.png,0
TB-2894.png,1
TB-365.png,1
TB-228.png,1
TB-363.png,1
TB-2958.png,1
Normal-3455.png,0
Normal-806.png,0
TB-1671.png,1
TB-1242.png,1
TB-2527.png,1
Normal-2322.png,0
TB-342.png,1
Normal-727.png,0
TB-504.png,1
Normal-468.png,0
TB-2498.png,1
TB-2300.png,1
TB-404.png,1
TB-1407.png,1
TB-1830.png,1
TB-1572.png,1
Normal-2170.png,0
Normal-2153.png,0
Normal-3008.png,0
Normal-2401.png,0
Normal-489.png,0
TB-474.png,1
TB-1399.png,1
Normal-2453.png,0
TB-1733.png,1
Normal-1524.png,0
TB-1478.png,1
Normal-1188.png,0
Normal-1407.png,0
TB-86.png,1
TB-1171.png,1
Normal-1976.png,0
TB-765.png,1
Normal-1829.png,0
TB-3150.png,1
TB-311.png,1
Normal-2314.png,0
TB-278.png,1
TB-1244.png,1
TB-1056.png,1
TB-1417.png,1
Normal-2603.png,0
Normal-3187.png,0
Normal-1587.png,0
TB-2998.png,1
Normal-1141.png,0
TB-146.png,1
TB-1243.png,1
Normal-2270.png,0
TB-2262.png,1
Normal-26.png,0
TB-2417.png,1
Normal-1163.png,0
TB-3013.png,1
Normal-2040.png,0
Normal-1370.png,0
TB-1382.png,1
Normal-3458.png,0
TB-3258.png,1
TB-2196.png,1
Normal-3253.png,0
Normal-3397.png,0
TB-1111.png,1
TB-3020.png,1
TB-1767.png,1
TB-1405.png,1
Normal-3485.png,0
Normal-1816.png,0
TB-74.png,1
TB-1492.png,1
Normal-685.png,0
Normal-494.png,0
Normal-61.png,0
Normal-879.png,0
Normal-413.png,0
TB-2267.png,1
Normal-752.png,0
Normal-2538.png,0
TB-1212.png,1
TB-497.png,1
TB-753.png,1
TB-1052.png,1
TB-2674.png,1
Normal-2018.png,0
TB-1153.png,1
Normal-98.png,0
Normal-1786.png,0
TB-2145.png,1
TB-724.png,1
TB-66.png,1
TB-3215.png,1
Normal-3301.png,0
Normal-282.png,0
TB-305.png,1
Normal-3295.png,0
Normal-2609.png,0
TB-380.png,1
Normal-1089.png,0
TB-1525.png,1
TB-2019.png,1
TB-1712.png,1
Normal-3001.png,0
TB-1401.png,1
Normal-3020.png,0
Normal-485.png,0
Normal-1263.png,0
TB-3019.png,1
Normal-3454.png,0
TB-668.png,1
TB-3308.png,1
Normal-628.png,0
Normal-3341.png,0
TB-3269.png,1
Normal-2477.png,0
Normal-975.png,0
TB-2760.png,1
TB-128.png,1
Normal-1893.png,0
TB-2439.png,1
Normal-185.png,0
TB-1780.png,1
TB-2275.png,1
Normal-637.png,0
Normal-2630.png,0
Normal-953.png,0
TB-802.png,1
Normal-2985.png,0
Normal-1649.png,0
TB-835.png,1
Normal-3384.png,0
TB-3443.png,1
Normal-1994.png,0
Normal-986.png,0
TB-1279.png,1
Normal-3155.png,0
TB-1403.png,1
Normal-1325.png,0
TB-2917.png,1
TB-574.png,1
Normal-2169.png,0
TB-330.png,1
Normal-495.png,0
TB-2673.png,1
TB-2424.png,1
TB-2135.png,1
TB-1095.png,1
TB-3127.png,1
TB-1228.png,1
Normal-570.png,0
TB-1746.png,1
TB-453.png,1
Normal-1136.png,0
Normal-1452.png,0
TB-1960.png,1
TB-207.png,1
TB-1648.png,1
TB-1530.png,1
Normal-1537.png,0
TB-1801.png,1
Normal-890.png,0
Normal-622.png,0
Normal-144.png,0
TB-684.png,1
TB-755.png,1
TB-3021.png,1
TB-2787.png,1
TB-2525.png,1
Normal-1249.png,0
Normal-487.png,0
TB-2207.png,1
TB-2161.png,1
Normal-1017.png,0
Normal-3335.png,0
TB-2479.png,1
TB-3462.png,1
TB-2325.png,1
Normal-2612.png,0
TB-3038.png,1
Normal-1216.png,0
TB-567.png,1
Normal-946.png,0
Normal-2262.png,0
Normal-2094.png,0
Normal-338.png,0
TB-3076.png,1
TB-838.png,1
Normal-2142.png,0
Normal-2019.png,0
TB-595.png,1
Normal-459.png,0
Normal-2404.png,0
Normal-1740.png,0
TB-1185.png,1
TB-1260.png,1
TB-3469.png,1
TB-1205.png,1
Normal-1297.png,0
TB-599.png,1
TB-251.png,1
Normal-3418.png,0
TB-3282.png,1
Normal-3139.png,0
Normal-1417.png,0
TB-654.png,1
Normal-639.png,0
Normal-406.png,0
TB-877.png,1
Normal-1643.png,0
TB-3090.png,1
TB-368.png,1
TB-2943.png,1
Normal-1592.png,0
TB-2159.png,1
TB-179.png,1
TB-437.png,1
TB-2596.png,1
Normal-3202.png,0
Normal-104.png,0
Normal-1303.png,0
TB-1972.png,1
TB-1301.png,1
Normal-1106.png,0
TB-3390.png,1
TB-1080.png,1
TB-3347.png,1
Normal-2599.png,0
Normal-3072.png,0
Normal-731.png,0
Normal-621.png,0
Normal-1073.png,0
Normal-2926.png,0
Normal-425.png,0
TB-3292.png,1
Normal-25.png,0
TB-2192.png,1
TB-3412.png,1
TB-3118.png,1
TB-2015.png,1
TB-3379.png,1
Normal-1400.png,0
Normal-2317.png,0
TB-3493.png,1
TB-1421.png,1
TB-3153.png,1
Normal-1165.png,0
TB-2186.png,1
Normal-3421.png,0
Normal-1782.png,0
TB-515.png,1
Normal-190.png,0
TB-913.png,1
Normal-3244.png,0
TB-552.png,1
Normal-1057.png,0
TB-3176.png,1
Normal-3104.png,0
Normal-2815.png,0
Normal-3440.png,0
Normal-2112.png,0
TB-1099.png,1
Normal-1627.png,0
TB-3163.png,1
Normal-1542.png,0
Normal-1481.png,0
Normal-1618.png,0
Normal-1050.png,0
Normal-2133.png,0
TB-2448.png,1
Normal-2303.png,0
TB-32.png,1
TB-1791.png,1
Normal-2456.png,0
TB-955.png,1
TB-3281.png,1
TB-1819.png,1
Normal-2620.png,0
Normal-1574.png,0
TB-466.png,1
TB-102.png,1
TB-2032.png,1
Normal-3145.png,0
Normal-785.png,0
TB-3246.png,1
Normal-1946.png,0
Normal-1080.png,0
TB-1638.png,1
TB-1422.png,1
TB-3180.png,1
TB-995.png,1
TB-25.png,1
TB-3487.png,1
Normal-1927.png,0
Normal-3131.png,0
TB-1782.png,1
TB-1594.png,1
Normal-1350.png,0
Normal-865.png,0
Normal-1802.png,0
TB-2699.png,1
Normal-251.png,0
TB-944.png,1
TB-2302.png,1
Normal-959.png,0
Normal-1114.png,0
Normal-3035.png,0
Normal-795.png,0
Normal-2029.png,0
Normal-1053.png,0
Normal-1956.png,0
Normal-1745.png,0
TB-2844.png,1
TB-2560.png,1
Normal-1982.png,0
TB-2327.png,1
Normal-2868.png,0
TB-2051.png,1
Normal-208.png,0
Normal-1084.png,0
Normal-3419.png,0
Normal-2944.png,0
TB-650.png,1
Normal-327.png,0
Normal-2685.png,0
TB-121.png,1
Normal-3392.png,0
TB-1067.png,1
TB-3465.png,1
TB-1883.png,1
Normal-152.png,0
TB-795.png,1
TB-1700.png,1
TB-2588.png,1
Normal-20.png,0
Normal-1462.png,0
Normal-2132.png,0
TB-2209.png,1
Normal-3361.png,0
TB-3294.png,1
TB-2176.png,1
Normal-2790.png,0
Normal-904.png,0
Normal-3132.png,0
TB-1028.png,1
TB-2444.png,1
Normal-2266.png,0
TB-2497.png,1
Normal-1495.png,0
TB-1046.png,1
Normal-3016.png,0
Normal-3272.png,0
TB-2513.png,1
TB-1200.png,1
Normal-712.png,0
TB-693.png,1
TB-2383.png,1
Normal-1124.png,0
TB-3155.png,1
Normal-156.png,0
Normal-2179.png,0
TB-925.png,1
TB-2187.png,1
TB-3096.png,1
TB-357.png,1
Normal-210.png,0
Normal-363.png,0
Normal-2085.png,0
Normal-3396.png,0
Normal-1236.png,0
Normal-2299.png,0
TB-3141.png,1
Normal-3075.png,0
Normal-995.png,0
Normal-2296.png,0
TB-2867.png,1
TB-3045.png,1
Normal-409.png,0
Normal-2078.png,0
TB-1257.png,1
Normal-2236.png,0
Normal-3329.png,0
Normal-1311.png,0
TB-853.png,1
TB-1961.png,1
TB-817.png,1
Normal-2676.png,0
TB-682.png,1
TB-1879.png,1
TB-3357.png,1
TB-1275.png,1
Normal-239.png,0
Normal-1547.png,0
TB-3015.png,1
Normal-187.png,0
TB-3140.png,1
Normal-2496.png,0
Normal-981.png,0
TB-2897.png,1
Normal-2525.png,0
TB-456.png,1
Normal-2358.png,0
Normal-3190.png,0
TB-2010.png,1
Normal-1884.png,0
TB-149.png,1
Normal-1427.png,0
Normal-405.png,0
TB-116.png,1
TB-1815.png,1
Normal-2250.png,0
TB-3355.png,1
TB-2078.png,1
TB-1322.png,1
Normal-3413.png,0
Normal-3078.png,0
Normal-700.png,0
TB-1059.png,1
TB-196.png,1
TB-978.png,1
Normal-891.png,0
Normal-45.png,0
Normal-1046.png,0
TB-2487.png,1
Normal-3337.png,0
TB-1962.png,1
Normal-232.png,0
TB-3309.png,1
TB-1536.png,1
Normal-2073.png,0
TB-1412.png,1
Normal-1101.png,0
Normal-245.png,0
TB-2547.png,1
TB-77.png,1
Normal-1941.png,0
Normal-2352.png,0
Normal-2147.png,0
Normal-1857.png,0
TB-461.png,1
TB-1426.png,1
Normal-983.png,0
Normal-44.png,0
Normal-2464.png,0
Normal-2336.png,0
Normal-2327.png,0
TB-2643.png,1
TB-2701.png,1
Normal-583.png,0
Normal-859.png,0
TB-1643.png,1
Normal-290.png,0
Normal-958.png,0
Normal-908.png,0
Normal-2160.png,0
Normal-3299.png,0
Normal-2137.png,0
TB-1650.png,1
Normal-2207.png,0
TB-3171.png,1
TB-2206.png,1
TB-1526.png,1
TB-499.png,1
TB-720.png,1
TB-3070.png,1
TB-957.png,1
TB-2708.png,1
Normal-1548.png,0
Normal-2555.png,0
TB-2633.png,1
TB-1149.png,1
TB-1108.png,1
TB-72.png,1
TB-1581.png,1
Normal-498.png,0
Normal-518.png,0
TB-1337.png,1
TB-2502.png,1
TB-2725.png,1
TB-1479.png,1
Normal-101.png,0
TB-426.png,1
Normal-1234.png,0
TB-1757.png,1
Normal-2429.png,0
Normal-1564.png,0
TB-968.png,1
TB-2730.png,1
Normal-2852.png,0
TB-2404.png,1
TB-206.png,1
Normal-452.png,0
Normal-3069.png,0
Normal-511.png,0
TB-2233.png,1
Normal-1674.png,0
TB-315.png,1
Normal-2588.png,0
TB-1457.png,1
Normal-1850.png,0
TB-1102.png,1
Normal-2785.png,0
TB-1064.png,1
Normal-2016.png,0
Normal-3259.png,0
Normal-367.png,0
Normal-1883.png,0
TB-2819.png,1
Normal-2014.png,0
Normal-2758.png,0
Normal-3260.png,0
Normal-2480.png,0
TB-198.png,1
TB-1321.png,1
TB-1410.png,1
Normal-1828.png,0
TB-169.png,1
TB-1926.png,1
TB-3247.png,1
TB-2766.png,1
TB-306.png,1
Normal-1437.png,0
TB-2473.png,1
TB-2736.png,1
Normal-3004.png,0
Normal-2736.png,0
Normal-2350.png,0
Normal-3316.png,0
TB-1721.png,1
Normal-1629.png,0
Normal-2817.png,0
TB-982.png,1
TB-1781.png,1
Normal-2936.png,0
TB-2556.png,1
TB-3077.png,1
Normal-1527.png,0
TB-1573.png,1
TB-1087.png,1
TB-2331.png,1
Normal-3193.png,0
Normal-595.png,0
TB-2959.png,1
Normal-1575.png,0
TB-247.png,1
Normal-2517.png,0
Normal-1439.png,0
Normal-417.png,0
Normal-2589.png,0
Normal-1395.png,0
TB-2610.png,1
TB-789.png,1
TB-1269.png,1
TB-3120.png,1
TB-68.png,1
TB-862.png,1
Normal-3059.png,0
TB-1278.png,1
TB-729.png,1
TB-3398.png,1
Normal-573.png,0
TB-2248.png,1
Normal-289.png,0
TB-1535.png,1
Normal-912.png,0
Normal-1392.png,0
Normal-1217.png,0
Normal-3280.png,0
TB-3364.png,1
TB-1142.png,1
Normal-2108.png,0
Normal-805.png,0
Normal-307.png,0
Normal-2031.png,0
TB-855.png,1
Normal-695.png,0
Normal-3347.png,0
Normal-204.png,0
TB-1916.png,1
TB-1711.png,1
TB-2371.png,1
Normal-928.png,0
TB-3196.png,1
Normal-1824.png,0
TB-2318.png,1
Normal-265.png,0
TB-421.png,1
TB-2472.png,1
TB-3149.png,1
Normal-1366.png,0
TB-1061.png,1
TB-392.png,1
Normal-578.png,0
Normal-1076.png,0
TB-1687.png,1
TB-2601.png,1
Normal-627.png,0
Normal-3344.png,0
Normal-326.png,0
TB-481.png,1
TB-1989.png,1
Normal-1716.png,0
Normal-3411.png,0
Normal-1749.png,0
Normal-5.png,0
Normal-3352.png,0
TB-2613.png,1
Normal-2192.png,0
Normal-2174.png,0
Normal-3090.png,0
TB-1453.png,1
TB-2646.png,1
TB-3022.png,1
Normal-1284.png,0
TB-653.png,1
TB-2567.png,1
TB-1786.png,1
Normal-114.png,0
TB-310.png,1
TB-919.png,1
Normal-1873.png,0
Normal-2674.png,0
Normal-423.png,0
Normal-3462.png,0
Normal-1436.png,0
Normal-2568.png,0
Normal-1375.png,0
Normal-2438.png,0
Normal-761.png,0
Normal-2200.png,0
TB-1459.png,1
TB-3125.png,1
Normal-2440.png,0
Normal-884.png,0
TB-611.png,1
TB-3200.png,1
Normal-2907.png,0
TB-376.png,1
Normal-1668.png,0
TB-3439.png,1
Normal-2664.png,0
TB-1637.png,1
Normal-2692.png,0
TB-2181.png,1
TB-1097.png,1
Normal-246.png,0
TB-2657.png,1
TB-776.png,1
TB-318.png,1
Normal-2822.png,0
Normal-377.png,0
Normal-1768.png,0
TB-1287.png,1
TB-745.png,1
Normal-1340.png,0
TB-3197.png,1
Normal-613.png,0
TB-568.png,1
TB-1839.png,1
TB-1397.png,1
Normal-1846.png,0
TB-3190.png,1
Normal-1334.png,0
TB-2372.png,1
TB-1340.png,1
TB-223.png,1
Normal-547.png,0
TB-1898.png,1
Normal-1964.png,0
TB-1129.png,1
TB-97.png,1
TB-876.png,1
TB-2392.png,1
TB-3264.png,1
Normal-3490.png,0
TB-1806.png,1
TB-2468.png,1
Normal-3340.png,0
Normal-2233.png,0
Normal-1066.png,0
TB-3221.png,1
TB-2777.png,1
TB-258.png,1
TB-1352.png,1
TB-2714.png,1
TB-2600.png,1
Normal-561.png,0
TB-492.png,1
TB-2973.png,1
TB-1344.png,1
Normal-2896.png,0
TB-2057.png,1
TB-812.png,1
TB-65.png,1
Normal-3174.png,0
Normal-2064.png,0
Normal-2845.png,0
Normal-3427.png,0
Normal-346.png,0
Normal-2793.png,0
Normal-1863.png,0
TB-2440.png,1
TB-3332.png,1
Normal-1226.png,0
TB-1105.png,1
Normal-1286.png,0
Normal-1652.png,0
Normal-1262.png,0
Normal-1885.png,0
Normal-2341.png,0
Normal-1355.png,0
Normal-2239.png,0
Normal-698.png,0
Normal-678.png,0
Normal-2002.png,0
Normal-1087.png,0
Normal-2908.png,0
TB-160.png,1
Normal-2881.png,0
TB-3052.png,1
TB-2069.png,1
TB-3496.png,1
Normal-1912.png,0
Normal-440.png,0
TB-3224.png,1
TB-2443.png,1
TB-2979.png,1
Normal-3448.png,0
TB-2745.png,1
TB-2177.png,1
TB-721.png,1
TB-2349.png,1
Normal-1584.png,0
Normal-2803.png,0
TB-822.png,1
TB-1875.png,1
Normal-2814.png,0
Normal-451.png,0
TB-1787.png,1
Normal-1763.png,0
Normal-2318.png,0
Normal-1413.png,0
Normal-2139.png,0
Normal-1797.png,0
TB-797.png,1
Normal-2768.png,0
TB-1237.png,1
TB-2807.png,1
TB-511.png,1
TB-2061.png,1
TB-2120.png,1
Normal-620.png,0
TB-551.png,1
Normal-1988.png,0
Normal-256.png,0
Normal-3157.png,0
Normal-1787.png,0
Normal-606.png,0
Normal-1175.png,0
Normal-2117.png,0
Normal-2489.png,0
TB-1109.png,1
Normal-978.png,0
Normal-812.png,0
TB-728.png,1
TB-463.png,1
Normal-1035.png,0
TB-1983.png,1
Normal-1011.png,0
Normal-1122.png,0
Normal-1528.png,0
Normal-3012.png,0
TB-2940.png,1
Normal-545.png,0
Normal-3224.png,0
Normal-2100.png,0
TB-1688.png,1
TB-2619.png,1
Normal-373.png,0
TB-518.png,1
TB-757.png,1
Normal-579.png,0
TB-2421.png,1
TB-2364.png,1
TB-390.png,1
TB-153.png,1
Normal-331.png,0
Normal-1001.png,0
TB-309.png,1
TB-1008.png,1
TB-2599.png,1
Normal-610.png,0
TB-183.png,1
TB-3405.png,1
Normal-1568.png,0
TB-3166.png,1
TB-1930.png,1
Normal-318.png,0
TB-1330.png,1
Normal-1722.png,0
TB-462.png,1
Normal-1170.png,0
TB-596.png,1
TB-630.png,1
Normal-1896.png,0
TB-3367.png,1
TB-2994.png,1
TB-3444.png,1
TB-950.png,1
TB-1304.png,1
Normal-2847.png,0
Normal-1529.png,0
TB-1590.png,1
TB-2876.png,1
TB-3004.png,1
Normal-2857.png,0
TB-1161.png,1
Normal-970.png,0
Normal-2646.png,0
TB-2002.png,1
TB-2640.png,1
TB-2764.png,1
Normal-2635.png,0
TB-941.png,1
Normal-1521.png,0
Normal-1957.png,0
TB-2672.png,1
TB-2551.png,1
Normal-1090.png,0
Normal-2958.png,0
TB-2722.png,1
TB-1231.png,1
Normal-3488.png,0
TB-2602.png,1
Normal-2305.png,0
TB-1071.png,1
TB-840.png,1
Normal-907.png,0
Normal-229.png,0
TB-710.png,1
TB-1173.png,1
Normal-2473.png,0
Normal-2891.png,0
Normal-1658.png,0
Normal-2544.png,0
TB-692.png,1
TB-2942.png,1
Normal-3047.png,0
Normal-2219.png,0
Normal-1822.png,0
Normal-3328.png,0
Normal-3415.png,0
TB-2401.png,1
Normal-3309.png,0
Normal-3063.png,0
TB-2989.png,1
Normal-3099.png,0
Normal-1986.png,0
TB-1664.png,1
Normal-2752.png,0
TB-3489.png,1
Normal-815.png,0
TB-381.png,1
TB-3287.png,1
TB-243.png,1
Normal-95.png,0
TB-886.png,1
Normal-3399.png,0
Normal-140.png,0
TB-409.png,1
TB-1994.png,1
Normal-3433.png,0
TB-3139.png,1
Normal-1430.png,0
Normal-598.png,0
TB-1701.png,1
TB-332.png,1
TB-2611.png,1
Normal-1993.png,0
TB-1495.png,1
TB-457.png,1
Normal-2362.png,0
Normal-410.png,0
TB-3289.png,1
TB-2308.png,1
Normal-3445.png,0
TB-1236.png,1
TB-1414.png,1
TB-663.png,1
Normal-1465.png,0
Normal-2982.png,0
Normal-2649.png,0
TB-1646.png,1
TB-1982.png,1
TB-1943.png,1
Normal-526.png,0
Normal-2288.png,0
TB-1505.png,1
Normal-2037.png,0
TB-2933.png,1
TB-2628.png,1
TB-777.png,1
Normal-1104.png,0
Normal-1789.png,0
TB-2108.png,1
Normal-807.png,0
Normal-2922.png,0
Normal-3266.png,0
Normal-1839.png,0
Normal-3156.png,0
TB-949.png,1
TB-1209.png,1
Normal-7.png,0
Normal-1425.png,0
TB-1953.png,1
TB-1326.png,1
Normal-3179.png,0
Normal-773.png,0
Normal-1289.png,0
Normal-2452.png,0
TB-2223.png,1
TB-1955.png,1
Normal-2448.png,0
TB-2090.png,1
Normal-679.png,0
TB-734.png,1
TB-1609.png,1
TB-3445.png,1
Normal-3057.png,0
TB-2017.png,1
TB-3192.png,1
Normal-1142.png,0
Normal-347.png,0
TB-1429.png,1
TB-1139.png,1
TB-3300.png,1
Normal-1506.png,0
Normal-2223.png,0
TB-2478.png,1
TB-981.png,1
Normal-447.png,0
Normal-84.png,0
Normal-3025.png,0
TB-1357.png,1
Normal-1935.png,0
Normal-2927.png,0
Normal-2835.png,0
Normal-217.png,0
TB-687.png,1
Normal-596.png,0
Normal-940.png,0
TB-571.png,1
TB-673.png,1
Normal-528.png,0
TB-2123.png,1
Normal-3495.png,0
Normal-3237.png,0
Normal-390.png,0
TB-464.png,1
TB-2337.png,1
Normal-603.png,0
TB-49.png,1
TB-1349.png,1
Normal-2827.png,0
TB-1783.png,1
TB-3320.png,1
TB-2297.png,1
TB-3271.png,1
TB-709.png,1
TB-400.png,1
TB-2803.png,1
Normal-74.png,0
TB-2462.png,1
Normal-2894.png,0
Normal-1024.png,0
Normal-652.png,0
Normal-91.png,0
TB-2333.png,1
Normal-3412.png,0
Normal-2626.png,0
TB-3195.png,1
Normal-2602.png,0
Normal-466.png,0
Normal-1681.png,0
Normal-725.png,0
Normal-3373.png,0
TB-3006.png,1
TB-1250.png,1
TB-263.png,1
Normal-427.png,0
Normal-2208.png,0
TB-1247.png,1
Normal-1363.png,0
TB-887.png,1
TB-2063.png,1
Normal-1509.png,0
Normal-1197.png,0
TB-1697.png,1
Normal-760.png,0
TB-2158.png,1
Normal-2181.png,0
Normal-2123.png,0
Normal-68.png,0
TB-766.png,1
Normal-874.png,0
TB-2136.png,1
Normal-1837.png,0
TB-1618.png,1
TB-2170.png,1
Normal-1933.png,0
Normal-2821.png,0
TB-2016.png,1
Normal-75.png,0
TB-2579.png,1
Normal-1030.png,0
Normal-2068.png,0
Normal-2772.png,0
TB-898.png,1
TB-3486.png,1
TB-2742.png,1
Normal-1048.png,0
Normal-1295.png,0
Normal-83.png,0
TB-1428.png,1
TB-3383.png,1
Normal-1620.png,0
TB-2827.png,1
Normal-2621.png,0
Normal-2279.png,0
TB-3144.png,1
TB-2067.png,1
TB-2935.png,1
Normal-3113.png,0
Normal-1410.png,0
Normal-2507.png,0
TB-3274.png,1
Normal-924.png,0
TB-2339.png,1
TB-387.png,1
TB-626.png,1
Normal-382.png,0
TB-3386.png,1
Normal-2374.png,0
TB-3002.png,1
TB-85.png,1
TB-3452.png,1
Normal-2681.png,0
TB-937.png,1
Normal-1591.png,0
Normal-3056.png,0
TB-2869.png,1
Normal-3043.png,0
TB-1655.png,1
Normal-1536.png,0
TB-1724.png,1
Normal-1738.png,0
TB-382.png,1
Normal-2760.png,0
Normal-941.png,0
Normal-2716.png,0
Normal-2127.png,0
TB-2879.png,1
TB-2576.png,1
TB-3072.png,1
Normal-2583.png,0
TB-191.png,1
TB-222.png,1
TB-746.png,1
Normal-2679.png,0
Normal-741.png,0
TB-2992.png,1
Normal-2176.png,0
TB-2678.png,1
Normal-1464.png,0
TB-3261.png,1
TB-352.png,1
TB-894.png,1
TB-2960.png,1
Normal-2678.png,0
Normal-271.png,0
TB-3129.png,1
Normal-2225.png,0
TB-1775.png,1
TB-587.png,1
TB-2294.png,1
TB-3027.png,1
TB-1575.png,1
Normal-216.png,0
Normal-2214.png,0
TB-828.png,1
TB-230.png,1
Normal-1744.png,0
Normal-2191.png,0
TB-348.png,1
Normal-740.png,0
Normal-2882.png,0
Normal-1457.png,0
TB-923.png,1
TB-3063.png,1
Normal-2994.png,0
Normal-2370.png,0
Normal-2505.png,0
Normal-2166.png,0
Normal-1559.png,0
Normal-1231.png,0
TB-1194.png,1
TB-2189.png,1
Normal-219.png,0
Normal-1882.png,0
Normal-876.png,0
TB-1508.png,1
TB-1654.png,1
Normal-2148.png,0
Normal-1781.png,0
Normal-2447.png,0
TB-132.png,1
TB-1427.png,1
TB-1157.png,1
TB-952.png,1
TB-1835.png,1
TB-1480.png,1
TB-1552.png,1
Normal-2371.png,0
TB-2211.png,1
TB-546.png,1
TB-2125.png,1
TB-1283.png,1
TB-1936.png,1
TB-1170.png,1
Normal-825.png,0
Normal-2633.png,0
TB-1719.png,1
TB-1049.png,1
Normal-906.png,0
TB-1811.png,1
TB-1323.png,1
TB-1253.png,1
Normal-3446.png,0
TB-471.png,1
TB-2411.png,1
Normal-665.png,0
Normal-3130.png,0
Normal-455.png,0
TB-984.png,1
Normal-1827.png,0
Normal-3450.png,0
TB-3213.png,1
TB-3033.png,1
TB-818.png,1
Normal-1189.png,0
TB-3408.png,1
TB-2160.png,1
TB-1063.png,1
Normal-1302.png,0
Normal-2425.png,0
TB-1364.png,1
Normal-241.png,0
TB-2830.png,1
Normal-1500.png,0
Normal-2523.png,0
Normal-516.png,0
TB-2520.png,1
Normal-1103.png,0
Normal-1446.png,0
TB-3185.png,1
TB-2893.png,1
TB-2995.png,1
Normal-2779.png,0
Normal-3308.png,0
TB-3424.png,1
TB-1367.png,1
Normal-3044.png,0
TB-2922.png,1
TB-366.png,1
Normal-329.png,0
Normal-274.png,0
TB-3481.png,1
Normal-121.png,0
Normal-2811.png,0
Normal-1203.png,0
Normal-2228.png,0
Normal-133.png,0
TB-1019.png,1
Normal-3371.png,0
Normal-2400.png,0
Normal-1746.png,0
TB-866.png,1
TB-1206.png,1
Normal-2728.png,0
TB-1611.png,1
Normal-1316.png,0
TB-1616.png,1
TB-2861.png,1
TB-2924.png,1
TB-1753.png,1
Normal-3439.png,0
Normal-2537.png,0
TB-2507.png,1
Normal-942.png,0
TB-2219.png,1
TB-1661.png,1
Normal-3147.png,0
Normal-1861.png,0
Normal-1569.png,0
TB-2354.png,1
Normal-2331.png,0
TB-3079.png,1
TB-830.png,1
Normal-2203.png,0
TB-1351.png,1
TB-1298.png,1
TB-2310.png,1
TB-1577.png,1
TB-447.png,1
TB-622.png,1
Normal-2805.png,0
TB-2656.png,1
Normal-3188.png,0
TB-406.png,1
TB-738.png,1
TB-2388.png,1
Normal-399.png,0
Normal-1836.png,0
TB-510.png,1
TB-434.png,1
Normal-2021.png,0
TB-1918.png,1
TB-2147.png,1
TB-2909.png,1
TB-2116.png,1
TB-2607.png,1
Normal-2398.png,0
TB-1160.png,1
TB-317.png,1
Normal-2431.png,0
Normal-985.png,0
TB-2531.png,1
TB-991.png,1
Normal-2655.png,0
Normal-1940.png,0
TB-3159.png,1
TB-1027.png,1
Normal-1864.png,0
TB-512.png,1
TB-3382.png,1
Normal-647.png,0
Normal-644.png,0
Normal-631.png,0
Normal-3192.png,0
TB-2021.png,1
Normal-149.png,0
TB-1295.png,1
Normal-134.png,0
Normal-2870.png,0
TB-1639.png,1
TB-763.png,1
TB-716.png,1
TB-3344.png,1
Normal-1243.png,0
TB-2083.png,1
Normal-898.png,0
TB-971.png,1
Normal-2367.png,0
TB-1415.png,1
Normal-895.png,0
TB-1036.png,1
TB-2493.png,1
TB-1922.png,1
Normal-1128.png,0
Normal-2437.png,0
Normal-2423.png,0
TB-335.png,1
TB-848.png,1
Normal-1951.png,0
Normal-2966.png,0
TB-487.png,1
TB-1520.png,1
Normal-1600.png,0
Normal-3500.png,0
TB-3399.png,1
Normal-949.png,0
Normal-2673.png,0
TB-1002.png,1
Normal-3436.png,0
TB-1501.png,1
Normal-1719.png,0
Normal-839.png,0
TB-2226.png,1
Normal-397.png,0
TB-2355.png,1
TB-2198.png,1
TB-1963.png,1
TB-445.png,1
Normal-955.png,0
Normal-3382.png,0
Normal-376.png,0
Normal-2256.png,0
TB-200.png,1
Normal-2476.png,0
TB-3009.png,1
Normal-3128.png,0
Normal-771.png,0
Normal-1553.png,0
TB-327.png,1
TB-3393.png,1
TB-1219.png,1
Normal-1695.png,0
TB-2464.png,1
Normal-393.png,0
TB-118.png,1
TB-151.png,1
Normal-868.png,0
Normal-398.png,0
TB-2898.png,1
TB-1603.png,1
Normal-3206.png,0
TB-166.png,1
TB-1686.png,1
TB-287.png,1
Normal-1003.png,0
TB-2362.png,1
Normal-3426.png,0
TB-2167.png,1
Normal-635.png,0
Normal-2730.png,0
Normal-2967.png,0
TB-3428.png,1
Normal-1429.png,0
TB-2845.png,1
TB-1605.png,1
TB-3340.png,1
TB-2115.png,1
Normal-469.png,0
TB-1037.png,1
Normal-2984.png,0
TB-543.png,1
TB-1554.png,1
Normal-1455.png,0
Normal-3042.png,0
Normal-1682.png,0
Normal-1638.png,0
Normal-1268.png,0
Normal-2513.png,0
Normal-1364.png,0
TB-1114.png,1
Normal-3014.png,0
Normal-2638.png,0
Normal-1623.png,0
Normal-1393.png,0
TB-3091.png,1
TB-1682.png,1
Normal-3148.png,0
TB-3422.png,1
Normal-277.png,0
Normal-2600.png,0
TB-237.png,1
TB-2755.png,1
Normal-1815.png,0
TB-628.png,1
TB-245.png,1
Normal-444.png,0
TB-2330.png,1
TB-1179.png,1
TB-2559.png,1
Normal-1790.png,0
TB-2377.png,1
TB-90.png,1
Normal-2741.png,0
TB-3302.png,1
TB-3484.png,1
Normal-1633.png,0
TB-2809.png,1
Normal-1801.png,0
TB-1956.png,1
Normal-255.png,0
Normal-2553.png,0
Normal-2093.png,0
Normal-2209.png,0
Normal-1636.png,0
TB-1563.png,1
Normal-2834.png,0
TB-2758.png,1
TB-2811.png,1
Normal-13.png,0
Normal-1759.png,0
TB-1083.png,1
Normal-2520.png,0
TB-903.png,1
TB-2244.png,1
Normal-341.png,0
TB-1818.png,1
Normal-3306.png,0
Normal-131.png,0
Normal-1543.png,0
TB-2565.png,1
TB-28.png,1
TB-2234.png,1
TB-3500.png,1
TB-2036.png,1
TB-814.png,1
Normal-2799.png,0
Normal-2955.png,0
Normal-372.png,0
Normal-711.png,0
TB-783.png,1
Normal-967.png,0
TB-2846.png,1
TB-1865.png,1
Normal-2569.png,0
Normal-479.png,0
TB-2756.png,1
TB-1266.png,1
TB-774.png,1
Normal-788.png,0
TB-2313.png,1
Normal-2529.png,0
TB-899.png,1
Normal-710.png,0
TB-2848.png,1
Normal-638.png,0
Normal-3339.png,0
Normal-2855.png,0
Normal-3154.png,0
Normal-432.png,0
Normal-1854.png,0
TB-71.png,1
TB-1663.png,1
TB-441.png,1
TB-36.png,1
Normal-1804.png,0
TB-477.png,1
TB-185.png,1
TB-530.png,1
TB-286.png,1
TB-752.png,1
TB-1942.png,1
Normal-1758.png,0
Normal-2572.png,0
TB-2410.png,1
TB-2709.png,1
Normal-2143.png,0
Normal-145.png,0
Normal-1039.png,0
TB-1690.png,1
Normal-969.png,0
TB-705.png,1
TB-491.png,1
TB-2744.png,1
Normal-507.png,0
TB-1900.png,1
Normal-1018.png,0
Normal-1479.png,0
Normal-666.png,0
Normal-813.png,0
Normal-2712.png,0
TB-697.png,1
TB-2925.png,1
TB-2031.png,1
TB-1773.png,1
Normal-2516.png,0
Normal-2046.png,0
Normal-392.png,0
Normal-168.png,0
TB-3165.png,1
TB-1742.png,1
TB-1215.png,1
TB-483.png,1
Normal-3270.png,0
TB-1683.png,1
Normal-3114.png,0
Normal-430.png,0
Normal-1958.png,0
TB-2581.png,1
Normal-672.png,0
Normal-3275.png,0
Normal-1422.png,0
Normal-2851.png,0
Normal-1640.png,0
Normal-1150.png,0
Normal-3175.png,0
Normal-173.png,0
TB-2001.png,1
TB-819.png,1
Normal-18.png,0
TB-308.png,1
TB-2449.png,1
Normal-1493.png,0
Normal-2501.png,0
Normal-1886.png,0
TB-3029.png,1
TB-2013.png,1
Normal-555.png,0
Normal-2128.png,0
Normal-154.png,0
Normal-2802.png,0
Normal-2251.png,0
Normal-2396.png,0
TB-1890.png,1
Normal-412.png,0
TB-514.png,1
TB-1565.png,1
Normal-2606.png,0
TB-1935.png,1
TB-1798.png,1
Normal-2484.png,0
Normal-278.png,0
TB-790.png,1
TB-3098.png,1
Normal-2324.png,0
Normal-3294.png,0
Normal-1800.png,0
TB-2461.png,1
TB-290.png,1
Normal-434.png,0
TB-1696.png,1
Normal-2792.png,0
TB-852.png,1
TB-3314.png,1
TB-657.png,1
Normal-1007.png,0
TB-73.png,1
Normal-550.png,0
TB-2341.png,1
TB-998.png,1
Normal-3333.png,0
Normal-2356.png,0
TB-3252.png,1
TB-2685.png,1
Normal-3332.png,0
TB-3396.png,1
TB-3301.png,1
Normal-1108.png,0
TB-2541.png,1
Normal-1541.png,0
Normal-3073.png,0
Normal-2902.png,0
Normal-1207.png,0
TB-916.png,1
TB-3342.png,1
TB-3113.png,1
Normal-1260.png,0
TB-1833.png,1
TB-614.png,1
TB-2261.png,1
Normal-770.png,0
Normal-2373.png,0
Normal-3178.png,0
Normal-1006.png,0
TB-2741.png,1
Normal-3134.png,0
TB-756.png,1
TB-1542.png,1
TB-891.png,1
TB-1469.png,1
TB-1555.png,1
Normal-1338.png,0
Normal-3159.png,0
Normal-94.png,0
Normal-872.png,0
TB-646.png,1
Normal-2901.png,0
TB-2776.png,1
TB-2427.png,1
TB-2119.png,1
TB-2500.png,1
TB-942.png,1
Normal-2611.png,0
TB-3216.png,1
Normal-853.png,0
Normal-162.png,0
Normal-597.png,0
Normal-1538.png,0
TB-3318.png,1
TB-1379.png,1
TB-1531.png,1
Normal-37.png,0
TB-1302.png,1
Normal-2993.png,0
TB-1066.png,1
Normal-3325.png,0
TB-2822.png,1
TB-717.png,1
Normal-299.png,0
TB-2260.png,1
Normal-207.png,0
TB-2871.png,1
Normal-1973.png,0
Normal-2107.png,0
Normal-966.png,0
TB-257.png,1
Normal-1930.png,0
Normal-1594.png,0
Normal-1778.png,0
Normal-1113.png,0
Normal-1267.png,0
Normal-1045.png,0
Normal-514.png,0
TB-1299.png,1
Normal-783.png,0
Normal-3022.png,0
Normal-1134.png,0
TB-767.png,1
TB-566.png,1
Normal-2979.png,0
Normal-354.png,0
TB-2432.png,1
TB-29.png,1
TB-3183.png,1
TB-2632.png,1
TB-1816.png,1
Normal-2289.png,0
TB-167.png,1
Normal-673.png,0
TB-2062.png,1
TB-1583.png,1
TB-1642.png,1
TB-372.png,1
TB-1235.png,1
TB-2578.png,1
Normal-2178.png,0
Normal-2594.png,0
TB-2071.png,1
Normal-2433.png,0
TB-931.png,1
TB-2086.png,1
TB-1837.png,1
Normal-3262.png,0
Normal-2702.png,0
Normal-1253.png,0
TB-3276.png,1
Normal-2126.png,0
Normal-2216.png,0
Normal-2144.png,0
TB-1923.png,1
Normal-221.png,0
Normal-3149.png,0
TB-2706.png,1
TB-50.png,1
Normal-2648.png,0
Normal-1522.png,0
TB-1738.png,1
TB-640.png,1
TB-189.png,1
Normal-3246.png,0
TB-13.png,1
Normal-1056.png,0
TB-517.png,1
TB-2519.png,1
TB-2781.png,1
Normal-3457.png,0
TB-536.png,1
TB-1026.png,1
Normal-1712.png,0
TB-2946.png,1
TB-255.png,1
Normal-902.png,0
Normal-3245.png,0
TB-217.png,1
TB-2568.png,1
TB-2740.png,1
Normal-2186.png,0
Normal-2265.png,0
TB-1851.png,1
Normal-422.png,0
TB-1672.png,1
TB-3363.png,1
Normal-505.png,0
TB-439.png,1
TB-107.png,1
TB-3352.png,1
TB-2608.png,1
TB-1997.png,1
TB-1950.png,1
TB-2454.png,1
TB-3028.png,1
Normal-2161.png,0
Normal-1908.png,0
TB-3368.png,1
Normal-1454.png,0
Normal-107.png,0
Normal-2394.png,0
Normal-2562.png,0
Normal-2893.png,0
Normal-1772.png,0
Normal-294.png,0
TB-917.png,1
Normal-1401.png,0
Normal-2786.png,0
Normal-1059.png,0
TB-2213.png,1
TB-446.png,1
Normal-1761.png,0
TB-1000.png,1
Normal-1368.png,0
TB-2839.png,1
TB-3238.png,1
TB-3109.png,1
TB-338.png,1
TB-1271.png,1
Normal-82.png,0
Normal-1662.png,0
Normal-304.png,0
TB-2731.png,1
Normal-794.png,0
Normal-2903.png,0
Normal-3180.png,0
Normal-828.png,0
TB-1191.png,1
TB-1387.png,1
TB-321.png,1
TB-934.png,1
Normal-2832.png,0
TB-1007.png,1
Normal-2188.png,0
Normal-1578.png,0
TB-2891.png,1
Normal-153.png,0
Normal-1796.png,0
TB-1649.png,1
Normal-418.png,0
Normal-92.png,0
TB-1420.png,1
Normal-817.png,0
TB-3217.png,1
TB-2034.png,1
TB-2805.png,1
Normal-1676.png,0
TB-2329.png,1
TB-994.png,1
Normal-1905.png,0
Normal-1661.png,0
TB-2962.png,1
Normal-2198.png,0
TB-2882.png,1
TB-2389.png,1
TB-233.png,1
TB-99.png,1
Normal-1098.png,0
TB-2676.png,1
Normal-1322.png,0
Normal-2975.png,0
TB-723.png,1
TB-1104.png,1
TB-544.png,1
TB-2357.png,1
TB-33.png,1
Normal-3342.png,0
TB-2910.png,1
Normal-1002.png,0
TB-1770.png,1
Normal-1273.png,0
TB-2523.png,1
Normal-1381.png,0
TB-847.png,1
Normal-1318.png,0
TB-642.png,1
Normal-1132.png,0
TB-2326.png,1
Normal-235.png,0
Normal-1200.png,0
TB-165.png,1
Normal-2111.png,0
Normal-3096.png,0
Normal-919.png,0
Normal-1130.png,0
Normal-3227.png,0
Normal-105.png,0
Normal-3368.png,0
TB-1897.png,1
Normal-877.png,0
Normal-2710.png,0
TB-3250.png,1
TB-15.png,1
Normal-2787.png,0
Normal-748.png,0
Normal-442.png,0
Normal-2393.png,0
Normal-1330.png,0
TB-420.png,1
Normal-2573.png,0
TB-2236.png,1
TB-1032.png,1
TB-2948.png,1
TB-244.png,1
TB-2201.png,1
TB-2636.png,1
Normal-1182.png,0
Normal-1911.png,0
TB-2612.png,1
Normal-3459.png,0
TB-1500.png,1
Normal-2682.png,0
Normal-2914.png,0
Normal-2027.png,0
Normal-403.png,0
Normal-2566.png,0
TB-1106.png,1
TB-2717.png,1
TB-2077.png,1
TB-2153.png,1
Normal-3467.png,0
TB-1622.png,1
Normal-3023.png,0
TB-2836.png,1
TB-859.png,1
Normal-3452.png,0
TB-3303.png,1
Normal-473.png,0
Normal-3321.png,0
Normal-3146.png,0
Normal-1352.png,0
Normal-936.png,0
Normal-1070.png,0
Normal-2101.png,0
Normal-200.png,0
Normal-1376.png,0
TB-2238.png,1
Normal-1445.png,0
TB-1214.png,1
TB-2011.png,1
TB-2025.png,1
Normal-30.png,0
Normal-119.png,0
TB-252.png,1
Normal-1067.png,0
TB-3291.png,1
TB-2072.png,1
TB-163.png,1
Normal-939.png,0
Normal-1842.png,0
TB-3319.png,1
Normal-445.png,0
TB-1057.png,1
TB-1737.png,1
Normal-1037.png,0
TB-2773.png,1
Normal-3407.png,0
Normal-1502.png,0
TB-2650.png,1
Normal-2861.png,0
TB-1817.png,1
TB-951.png,1
TB-2904.png,1
TB-1667.png,1
TB-3251.png,1
Normal-1953.png,0
TB-503.png,1
TB-171.png,1
TB-2465.png,1
Normal-3403.png,0
TB-1776.png,1
TB-2623.png,1
Normal-3395.png,0
TB-2784.png,1
Normal-1110.png,0
TB-541.png,1
Normal-3201.png,0
TB-1547.png,1
Normal-2.png,0
Normal-1043.png,0
TB-1342.png,1
Normal-1713.png,0
TB-928.png,1
Normal-987.png,0
Normal-1288.png,0
Normal-1320.png,0
Normal-3162.png,0
TB-2366.png,1
Normal-250.png,0
TB-809.png,1
TB-3193.png,1
Normal-2816.png,0
Normal-272.png,0
Normal-1664.png,0
Normal-2098.png,0
Normal-322.png,0
TB-1363.png,1
Normal-3052.png,0
Normal-2923.png,0
TB-2944.png,1
TB-3075.png,1
Normal-3030.png,0
Normal-2120.png,0
Normal-1215.png,0
TB-3003.png,1
Normal-2527.png,0
TB-1726.png,1
TB-3434.png,1
TB-2202.png,1
TB-889.png,1
TB-589.png,1
Normal-2788.png,0
Normal-3370.png,0
Normal-3443.png,0
Normal-818.png,0
Normal-539.png,0
TB-1514.png,1
TB-3024.png,1
Normal-70.png,0
Normal-2748.png,0
TB-1400.png,1
Normal-1852.png,0
Normal-2917.png,0
TB-1633.png,1
Normal-1040.png,0
TB-547.png,1
TB-3337.png,1
Normal-2205.png,0
Normal-1245.png,0
Normal-389.png,0
Normal-3144.png,0
TB-238.png,1
Normal-2196.png,0
Normal-2113.png,0
Normal-3324.png,0
TB-1958.png,1
Normal-584.png,0
Normal-3006.png,0
TB-1262.png,1
TB-2257.png,1
Normal-2361.png,0
TB-1599.png,1
TB-2834.png,1
TB-3116.png,1
TB-3060.png,1
TB-732.png,1
TB-1613.png,1
Normal-2039.png,0
TB-2978.png,1
TB-1799.png,1
TB-2258.png,1
Normal-1532.png,0
TB-2066.png,1
Normal-3406.png,0
TB-3492.png,1
TB-660.png,1
Normal-1563.png,0
Normal-1765.png,0
TB-1752.png,1
Normal-951.png,0
Normal-2298.png,0
TB-1826.png,1
Normal-3121.png,0
Normal-136.png,0
Normal-3482.png,0
TB-3040.png,1
Normal-2164.png,0
Normal-2862.png,0
TB-1165.png,1
TB-1660.png,1
Normal-3481.png,0
Normal-2359.png,0
Normal-27.png,0
Normal-1808.png,0
Normal-431.png,0
TB-661.png,1
TB-1452.png,1
TB-1892.png,1
Normal-819.png,0
TB-3266.png,1
TB-2359.png,1
Normal-2307.png,0
Normal-3105.png,0
TB-1777.png,1
Normal-199.png,0
Normal-266.png,0
Normal-1344.png,0
Normal-1823.png,0
TB-2324.png,1
TB-1862.png,1
Normal-193.png,0
TB-2249.png,1
TB-879.png,1
TB-773.png,1
Normal-854.png,0
TB-2408.png,1
Normal-325.png,0
Normal-421.png,0
TB-2585.png,1
Normal-1069.png,0
TB-2188.png,1
Normal-2509.png,0
TB-2343.png,1
Normal-3189.png,0
TB-2075.png,1
TB-2477.png,1
Normal-284.png,0
Normal-171.png,0
TB-2938.png,1
TB-3463.png,1
Normal-1803.png,0
Normal-1298.png,0
TB-576.png,1
TB-1319.png,1
Normal-2390.png,0
TB-386.png,1
TB-2334.png,1
Normal-1.png,0
TB-1147.png,1
Normal-184.png,0
TB-2100.png,1
Normal-3080.png,0
Normal-1492.png,0
TB-373.png,1
Normal-1063.png,0
Normal-2129.png,0
TB-747.png,1
Normal-2383.png,0
Normal-850.png,0
Normal-254.png,0
Normal-2920.png,0
Normal-1924.png,0
TB-2939.png,1
Normal-1187.png,0
TB-980.png,1
TB-2134.png,1
TB-2450.png,1
TB-864.png,1
TB-1632.png,1
TB-2205.png,1
Normal-858.png,0
Normal-3290.png,0
TB-938.png,1
TB-2896.png,1
Normal-1725.png,0
Normal-2402.png,0
Normal-1512.png,0
Normal-657.png,0
TB-1764.png,1
Normal-1232.png,0
TB-850.png,1
Normal-1991.png,0
TB-3329.png,1
Normal-2829.png,0
Normal-1582.png,0
TB-2442.png,1
Normal-1508.png,0
Normal-3400.png,0
TB-1121.png,1
Normal-2916.png,0
TB-778.png,1
TB-1582.png,1
Normal-3076.png,0
Normal-1939.png,0
Normal-230.png,0
TB-3349.png,1
Normal-2310.png,0
Normal-2665.png,0
TB-2273.png,1
Normal-2240.png,0
Normal-2884.png,0
Normal-3305.png,0
TB-3114.png,1
Normal-261.png,0
TB-1297.png,1
Normal-3474.png,0
Normal-804.png,0
TB-1230.png,1
Normal-2159.png,0
TB-1734.png,1
TB-893.png,1
TB-975.png,1
Normal-2677.png,0
TB-2996.png,1
TB-2853.png,1
Normal-1380.png,0
Normal-3387.png,0
Normal-198.png,0
TB-1784.png,1
TB-2303.png,1
Normal-2290.png,0
TB-353.png,1
Normal-1497.png,0
TB-42.png,1
TB-1968.png,1
Normal-2491.png,0
TB-2990.png,1
Normal-2167.png,0
TB-2089.png,1
Normal-758.png,0
Normal-3219.png,0
Normal-1199.png,0
Normal-2466.png,0
Normal-2376.png,0
Normal-1242.png,0
Normal-2950.png,0
TB-1901.png,1
Normal-1651.png,0
Normal-3428.png,0
Normal-3378.png,0
TB-11.png,1
Normal-1520.png,0
TB-2085.png,1
TB-2245.png,1
TB-703.png,1
Normal-2458.png,0
TB-1854.png,1
TB-429.png,1
Normal-2558.png,0
TB-672.png,1
Normal-300.png,0
TB-770.png,1
TB-583.png,1
Normal-1337.png,0
Normal-453.png,0
Normal-1812.png,0
TB-1768.png,1
TB-2545.png,1
TB-2975.png,1
Normal-1560.png,0
TB-2346.png,1
TB-2423.png,1
Normal-834.png,0
Normal-1534.png,0
Normal-716.png,0
Normal-196.png,0
TB-2595.png,1
TB-1540.png,1
TB-2739.png,1
TB-2932.png,1
TB-266.png,1
Normal-1646.png,0
Normal-2580.png,0
TB-3279.png,1
TB-3351.png,1
TB-103.png,1
Normal-194.png,0
TB-227.png,1
Normal-1173.png,0
TB-2829.png,1
Normal-306.png,0
TB-959.png,1
Normal-3225.png,0
Normal-943.png,0
TB-2584.png,1
TB-2227.png,1
Normal-2415.png,0
Normal-3269.png,0
Normal-1475.png,0
Normal-344.png,0
Normal-2663.png,0
Normal-1947.png,0
TB-1489.png,1
TB-469.png,1
Normal-2498.png,0
Normal-1747.png,0
Normal-2041.png,0
TB-2902.png,1
TB-2605.png,1
TB-3377.png,1
Normal-2762.png,0
TB-2625.png,1
Normal-1460.png,0
TB-1423.png,1
Normal-950.png,0
Normal-3160.png,0
Normal-2162.png,0
TB-2088.png,1
TB-2128.png,1
TB-1288.png,1
Normal-2909.png,0
TB-935.png,1
TB-2429.png,1
TB-2687.png,1
TB-2296.png,1
Normal-2921.png,0
Normal-1064.png,0
Normal-1645.png,0
TB-1328.png,1
TB-1259.png,1
Normal-3031.png,0
TB-1281.png,1
Normal-1995.png,0
TB-1494.png,1
TB-2481.png,1
Normal-720.png,0
TB-2532.png,1
TB-1313.png,1
Normal-1788.png,0
Normal-3431.png,0
Normal-77.png,0
Normal-79.png,0
TB-2173.png,1
Normal-1571.png,0
Normal-2956.png,0
Normal-2563.png,0
Normal-1117.png,0
Normal-675.png,0
Normal-286.png,0
TB-369.png,1
Normal-747.png,0
TB-804.png,1
TB-2802.png,1
TB-177.png,1
Normal-2614.png,0
Normal-1443.png,0
TB-3328.png,1
Normal-2180.png,0
Normal-2504.png,0
Normal-368.png,0
TB-2561.png,1
TB-2112.png,1
Normal-961.png,0
TB-1132.png,1
Normal-1406.png,0
TB-516.png,1
TB-3156.png,1
Normal-188.png,0
Normal-258.png,0
Normal-909.png,0
TB-2345.png,1
TB-1089.png,1
TB-188.png,1
Normal-362.png,0
TB-1919.png,1
Normal-3089.png,0
Normal-42.png,0
Normal-2800.png,0
TB-3495.png,1
TB-3126.png,1
TB-569.png,1
Normal-415.png,0
TB-762.png,1
TB-1852.png,1
Normal-3176.png,0
Normal-2607.png,0
TB-3423.png,1
Normal-2717.png,0
Normal-2427.png,0
Normal-1456.png,0
TB-1979.png,1
Normal-2949.png,0
TB-1092.png,1
TB-2335.png,1
Normal-1847.png,0
TB-2149.png,1
TB-3214.png,1
Normal-1489.png,0
Normal-2026.png,0
TB-1951.png,1
Normal-875.png,0
TB-1527.png,1
Normal-2157.png,0
TB-3280.png,1
TB-2950.png,1
Normal-2410.png,0
TB-1463.png,1
TB-2214.png,1
TB-843.png,1
TB-3406.png,1
Normal-2747.png,0
Normal-1278.png,0
Normal-2003.png,0
Normal-2724.png,0
TB-1692.png,1
Normal-179.png,0
TB-540.png,1
Normal-1690.png,0
Normal-849.png,0
TB-2951.png,1
Normal-1292.png,0
TB-1652.png,1
TB-57.png,1
Normal-1607.png,0
TB-1398.png,1
TB-3339.png,1
TB-300.png,1
Normal-2969.png,0
Normal-729.png,0
TB-1289.png,1
TB-1431.png,1
TB-2911.png,1
TB-2395.png,1
TB-1310.png,1
TB-440.png,1
Normal-686.png,0
TB-3160.png,1
Normal-2339.png,0
TB-108.png,1
TB-726.png,1
Normal-2329.png,0
TB-2681.png,1
TB-1990.png,1
TB-1339.png,1
Normal-2330.png,0
TB-1623.png,1
Normal-2824.png,0
Normal-513.png,0
Normal-448.png,0
TB-1348.png,1
TB-1836.png,1
Normal-1561.png,0
TB-2428.png,1
Normal-490.png,0
Normal-3097.png,0
Normal-2478.png,0
TB-3025.png,1
TB-161.png,1
Normal-1423.png,0
Normal-2947.png,0
Normal-2585.png,0
Normal-1677.png,0
TB-2634.png,1
Normal-3414.png,0
TB-64.png,1
TB-2024.png,1
TB-2770.png,1
Normal-3362.png,0
Normal-2711.png,0
Normal-3234.png,0
Normal-1795.png,0
Normal-345.png,0
TB-2899.png,1
TB-2849.png,1
TB-2042.png,1
TB-1485.png,1
TB-1368.png,1
TB-2837.png,1
Normal-3444.png,0
TB-1597.png,1
Normal-19.png,0
TB-2726.png,1
Normal-1391.png,0
TB-1189.png,1
TB-1911.png,1
TB-55.png,1
Normal-1545.png,0
Normal-1099.png,0
Normal-3351.png,0
Normal-3240.png,0
Normal-110.png,0
Normal-856.png,0
Normal-1675.png,0
Normal-2338.png,0
Normal-3389.png,0
TB-2629.png,1
Normal-1570.png,0
Normal-1209.png,0
TB-2997.png,1
TB-1020.png,1
TB-1163.png,1
TB-1947.png,1
Normal-1476.png,0
Normal-554.png,0
TB-2435.png,1
Normal-1248.png,0
Normal-481.png,0
Normal-3338.png,0
Normal-2269.png,0
TB-2489.png,1
TB-794.png,1
Normal-238.png,0
TB-1154.png,1
TB-2920.png,1
Normal-316.png,0
Normal-2981.png,0
Normal-697.png,0
Normal-2865.png,0
Normal-2285.png,0
Normal-2413.png,0
Normal-3424.png,0
Normal-836.png,0
Normal-3281.png,0
Normal-775.png,0
TB-1705.png,1
TB-3476.png,1
TB-575.png,1
TB-2387.png,1
TB-393.png,1
Normal-563.png,0
Normal-96.png,0
TB-3244.png,1
Normal-2441.png,0
TB-1493.png,1
TB-2703.png,1
Normal-2906.png,0
TB-2698.png,1
TB-395.png,1
TB-3369.png,1
Normal-400.png,0
TB-5.png,1
Normal-1020.png,0
Normal-3117.png,0
TB-2790.png,1
Normal-2518.png,0
TB-2503.png,1
TB-2712.png,1
TB-2103.png,1
Normal-3170.png,0
Normal-2601.png,0
Normal-3124.png,0
Normal-54.png,0
TB-1756.png,1
TB-2752.png,1
Normal-3498.png,0
TB-410.png,1
Normal-3372.png,0
TB-2092.png,1
Normal-1308.png,0
Normal-1032.png,0
Normal-2313.png,0
TB-533.png,1
Normal-715.png,0
TB-1113.png,1
Normal-2304.png,0
Normal-744.png,0
Normal-14.png,0
Normal-2653.png,0
TB-2316.png,1
TB-43.png,1
TB-1110.png,1
Normal-1477.png,0
TB-1551.png,1
Normal-3211.png,0
TB-751.png,1
TB-1706.png,1
Normal-1685.png,0
Normal-2011.png,0
Normal-2856.png,0
Normal-1171.png,0
TB-3115.png,1
TB-122.png,1
TB-1077.png,1
TB-1246.png,1
TB-1135.png,1
TB-2350.png,1
TB-563.png,1
TB-943.png,1
Normal-209.png,0
TB-414.png,1
TB-2488.png,1
TB-2892.png,1
TB-857.png,1
Normal-1042.png,0
TB-1009.png,1
TB-2076.png,1
TB-260.png,1
Normal-1343.png,0
TB-701.png,1
TB-1123.png,1
Normal-781.png,0
Normal-2885.png,0
Normal-2613.png,0
TB-1241.png,1
TB-2422.png,1
Normal-1868.png,0
Normal-1461.png,0
TB-3235.png,1
TB-3387.png,1
Normal-2091.png,0
Normal-743.png,0
TB-2516.png,1
Normal-1176.png,0
Normal-218.png,0
Normal-2066.png,0
TB-2068.png,1
TB-3056.png,1
TB-1894.png,1
TB-157.png,1
TB-1716.png,1
Normal-827.png,0
TB-1905.png,1
TB-616.png,1
Normal-167.png,0
Normal-493.png,0
TB-1674.png,1
Normal-892.png,0
Normal-456.png,0
Normal-118.png,0
TB-3208.png,1
Normal-1221.png,0
TB-496.png,1
TB-2140.png,1
TB-131.png,1
TB-1385.png,1
TB-2660.png,1
Normal-2634.png,0
TB-117.png,1
Normal-2645.png,0
TB-2544.png,1
TB-130.png,1
Normal-2199.png,0
Normal-3212.png,0
Normal-754.png,0
TB-882.png,1
Normal-150.png,0
Normal-1025.png,0
TB-271.png,1
TB-349.png,1
TB-1878.png,1
TB-1803.png,1
Normal-2006.png,0
TB-2993.png,1
Normal-2306.png,0
Normal-2964.png,0
TB-1286.png,1
Normal-2707.png,0
Normal-3150.png,0
TB-2895.png,1
TB-449.png,1
TB-1903.png,1
TB-807.png,1
Normal-2156.png,0
Normal-1435.png,0
TB-396.png,1
Normal-2546.png,0
Normal-2570.png,0
TB-3296.png,1
TB-1946.png,1
TB-2965.png,1
Normal-3425.png,0
TB-2988.png,1
Normal-243.png,0
TB-6.png,1
Normal-23.png,0
Normal-1730.png,0
Normal-2472.png,0
Normal-3383.png,0
TB-2317.png,1
Normal-999.png,0
TB-3035.png,1
TB-114.png,1
TB-226.png,1
Normal-1859.png,0
Normal-2838.png,0
Normal-535.png,0
TB-1761.png,1
Normal-2722.png,0
Normal-2660.png,0
TB-648.png,1
Normal-2347.png,0
TB-1627.png,1
TB-3049.png,1
Normal-501.png,0
TB-2883.png,1
TB-846.png,1
Normal-3067.png,0
TB-3209.png,1
Normal-1379.png,0
Normal-319.png,0
TB-550.png,1
TB-1264.png,1
Normal-1102.png,0
TB-3380.png,1
Normal-2237.png,0
Normal-2974.png,0
Normal-542.png,0
Normal-24.png,0
TB-94.png,1
Normal-1752.png,0
TB-922.png,1
TB-1809.png,1
Normal-847.png,0
Normal-137.png,0
Normal-2888.png,0
TB-1325.png,1
Normal-439.png,0
Normal-897.png,0
Normal-2590.png,0
TB-34.png,1
TB-2859.png,1
Normal-1470.png,0
TB-21.png,1
Normal-109.png,0
TB-526.png,1
Normal-2897.png,0
TB-3046.png,1
TB-53.png,1
TB-534.png,1
TB-2009.png,1
TB-501.png,1
TB-1084.png,1
Normal-2184.png,0
Normal-343.png,0
Normal-1107.png,0
Normal-1921.png,0
Normal-3122.png,0
TB-1778.png,1
Normal-1181.png,0
TB-2840.png,1
Normal-3390.png,0
TB-182.png,1
Normal-296.png,0
TB-3388.png,1
Normal-1904.png,0
Normal-1310.png,0
TB-2292.png,1
Normal-1293.png,0
TB-159.png,1
Normal-1112.png,0
TB-1828.png,1
Normal-2284.png,0
Normal-2086.png,0
TB-2407.png,1
Normal-1892.png,0
TB-341.png,1
Normal-3000.png,0
Normal-2053.png,0
TB-1658.png,1
Normal-100.png,0
Normal-1630.png,0
TB-2228.png,1
Normal-2804.png,0
Normal-2506.png,0
TB-3330.png,1
TB-997.png,1
Normal-2559.png,0
Normal-1934.png,0
Normal-1609.png,0
Normal-2263.png,0
Normal-3207.png,0
Normal-2224.png,0
TB-41.png,1
TB-1476.png,1
Normal-1419.png,0
TB-2947.png,1
Normal-2380.png,0
Normal-2859.png,0
Normal-3123.png,0
Normal-408.png,0
TB-2864.png,1
TB-3173.png,1
Normal-2287.png,0
TB-498.png,1
Normal-3230.png,0
TB-686.png,1
Normal-2392.png,0
Normal-1820.png,0
Normal-2924.png,0
TB-493.png,1
TB-1369.png,1
Normal-2521.png,0
TB-2580.png,1
TB-1842.png,1
Normal-1346.png,0
Normal-1016.png,0
Normal-97.png,0
TB-2514.png,1
Normal-1644.png,0
Normal-2033.png,0
Normal-541.png,0
TB-2782.png,1
Normal-1963.png,0
Normal-676.png,0
Normal-1402.png,0
TB-3449.png,1
TB-3026.png,1
TB-1341.png,1
Normal-2118.png,0
TB-988.png,1
Normal-2654.png,0
Normal-1279.png,0
Normal-2403.png,0
Normal-1228.png,0
TB-3203.png,1
TB-2298.png,1
TB-675.png,1
TB-2857.png,1
Normal-1833.png,0
Normal-248.png,0
TB-3311.png,1
TB-1587.png,1
TB-3455.png,1
Normal-521.png,0
Normal-3235.png,0
TB-2367.png,1
TB-174.png,1
TB-878.png,1
Normal-1072.png,0
TB-2131.png,1
TB-465.png,1
Normal-1378.png,0
Normal-3194.png,0
TB-2863.png,1
Normal-2584.png,0
TB-347.png,1
Normal-1544.png,0
TB-1924.png,1
Normal-293.png,0
TB-2382.png,1
TB-2735.png,1
Normal-1501.png,0
Normal-480.png,0
TB-1859.png,1
TB-2915.png,1
Normal-1491.png,0
Normal-564.png,0
TB-1220.png,1
Normal-2449.png,0
Normal-3100.png,0
Normal-460.png,0
Normal-1418.png,0
TB-2180.png,1
Normal-2514.png,0
TB-2512.png,1
Normal-2238.png,0
TB-591.png,1
TB-1292.png,1
TB-3227.png,1
TB-1713.png,1
Normal-1169.png,0
TB-858.png,1
Normal-2378.png,0
Normal-509.png,0
Normal-1339.png,0
TB-2437.png,1
Normal-370.png,0
TB-1529.png,1
Normal-3282.png,0
Normal-2406.png,0
Normal-2047.png,0
TB-1807.png,1
TB-375.png,1
TB-22.png,1
TB-708.png,1
Normal-1700.png,0
TB-888.png,1
Normal-654.png,0
Normal-2375.png,0
TB-598.png,1
Normal-93.png,0
TB-711.png,1
Normal-2071.png,0
TB-2974.png,1
Normal-1285.png,0
Normal-6.png,0
Normal-852.png,0
Normal-2743.png,0
Normal-574.png,0
TB-865.png,1
TB-1541.png,1
TB-1168.png,1
TB-101.png,1
Normal-722.png,0
Normal-802.png,0
TB-1566.png,1
TB-1320.png,1
Normal-420.png,0
Normal-1714.png,0
TB-54.png,1
TB-209.png,1
TB-3359.png,1
Normal-2333.png,0
TB-212.png,1
TB-3085.png,1
TB-629.png,1
TB-1224.png,1
Normal-3221.png,0
TB-532.png,1
TB-1863.png,1
TB-3202.png,1
TB-459.png,1
Normal-1250.png,0
TB-2881.png,1
Normal-2757.png,0
Normal-1709.png,0
Normal-123.png,0
Normal-917.png,0
TB-2425.png,1
Normal-2874.png,0
Normal-692.png,0
Normal-1576.png,0
Normal-3375.png,0
Normal-2309.png,0
Normal-2416.png,0
Normal-2291.png,0
Normal-2125.png,0
TB-1558.png,1
TB-1076.png,1
TB-2391.png,1
Normal-777.png,0
Normal-530.png,0
Normal-1229.png,0
TB-1769.png,1
TB-1906.png,1
Normal-3173.png,0
TB-953.png,1
TB-606.png,1
TB-2850.png,1
TB-2734.png,1
Normal-733.png,0
TB-1630.png,1
TB-2639.png,1
TB-360.png,1
TB-1876.png,1
Normal-2218.png,0
TB-2651.png,1
TB-548.png,1
Normal-2564.png,0
TB-3187.png,1
Normal-682.png,0
Normal-1894.png,0
TB-1954.png,1
TB-3219.png,1
TB-2138.png,1
TB-344.png,1
Normal-3331.png,0
TB-849.png,1
TB-484.png,1
Normal-2280.png,0
TB-3111.png,1
Normal-3129.png,0
Normal-128.png,0
TB-307.png,1
Normal-2277.png,0
TB-647.png,1
Normal-2576.png,0
Normal-2096.png,0
Normal-2999.png,0
Normal-831.png,0
TB-3427.png,1
TB-1176.png,1
TB-1507.png,1
TB-1569.png,1
TB-2638.png,1
TB-10.png,1
TB-1518.png,1
TB-2606.png,1
Normal-560.png,0
TB-2841.png,1
TB-1938.png,1
TB-3417.png,1
TB-1644.png,1
Normal-732.png,0
Normal-3186.png,0
TB-336.png,1
Normal-2780.png,0
Normal-2586.png,0
Normal-2661.png,0
TB-1553.png,1
TB-2045.png,1
TB-800.png,1
Normal-2864.png,0
Normal-913.png,0
TB-1376.png,1
Normal-2155.png,0
Normal-3152.png,0
Normal-158.png,0
Normal-2424.png,0
Normal-2242.png,0
TB-712.png,1
TB-508.png,1
Normal-2230.png,0
TB-1116.png,1
Normal-2617.png,0
TB-3307.png,1
TB-2164.png,1
TB-2237.png,1
Normal-2946.png,0
TB-2977.png,1
TB-1263.png,1
TB-2252.png,1
Normal-655.png,0
TB-124.png,1
TB-3188.png,1
TB-1317.png,1
TB-346.png,1
Normal-1705.png,0
Normal-1463.png,0
TB-416.png,1
Normal-1989.png,0
Normal-2232.png,0
TB-2955.png,1
TB-2400.png,1
Normal-1913.png,0
Normal-1023.png,0
TB-473.png,1
Normal-64.png,0
Normal-2625.png,0
TB-1070.png,1
Normal-593.png,0
TB-666.png,1
Normal-2357.png,0
Normal-808.png,0
TB-2007.png,1
Normal-1952.png,0
Normal-317.png,0
Normal-295.png,0
Normal-841.png,0
Normal-1998.png,0
Normal-724.png,0
Normal-2880.png,0
Normal-1094.png,0
Normal-977.png,0
Normal-553.png,0
TB-3353.png,1
TB-806.png,1
Normal-3095.png,0
TB-1772.png,1
TB-199.png,1
Normal-963.png,0
Normal-3110.png,0
TB-3089.png,1
Normal-88.png,0
Normal-2871.png,0
Normal-2145.png,0
TB-2930.png,1
TB-1641.png,1
TB-679.png,1
Normal-594.png,0
Normal-3369.png,0
Normal-1185.png,0
Normal-3168.png,0
Normal-653.png,0
Normal-534.png,0
Normal-3267.png,0
TB-92.png,1
Normal-2978.png,0
TB-2060.png,1
Normal-2316.png,0
Normal-3079.png,0
Normal-3461.png,0
TB-1509.png,1
Normal-1360.png,0
Normal-465.png,0
Normal-2899.png,0
TB-2913.png,1
Normal-174.png,0
Normal-577.png,0
TB-2321.png,1
TB-694.png,1
TB-3157.png,1
TB-2630.png,1
Normal-283.png,0
TB-936.png,1
Normal-28.png,0
TB-3391.png,1
TB-2105.png,1
Normal-1977.png,0
Normal-1514.png,0
Normal-2952.png,0
Normal-3094.png,0
Normal-2905.png,0
Normal-1496.png,0
TB-3277.png,1
TB-3154.png,1
TB-2113.png,1
TB-394.png,1
TB-1557.png,1
Normal-2032.png,0
Normal-838.png,0
Normal-3049.png,0
Normal-1968.png,0
TB-1211.png,1
TB-1226.png,1
Normal-3088.png,0
TB-713.png,1
Normal-3019.png,0
Normal-3477.png,0
Normal-2942.png,0
Normal-2377.png,0
Normal-2948.png,0
TB-617.png,1
TB-190.png,1
TB-2810.png,1
Normal-2528.png,0
TB-1974.png,1
TB-3179.png,1
Normal-2883.png,0
TB-8.png,1
TB-3414.png,1
TB-3080.png,1
Normal-1735.png,0
TB-2618.png,1
Normal-1237.png,0
Normal-993.png,0
TB-3395.png,1
Normal-2247.png,0
TB-927.png,1
Normal-482.png,0
TB-796.png,1
Normal-2182.png,0
TB-2671.png,1
Normal-3298.png,0
TB-1909.png,1
Normal-3252.png,0
TB-125.png,1
TB-507.png,1
Normal-3251.png,0
TB-1795.png,1
TB-1519.png,1
TB-521.png,1
Normal-122.png,0
TB-3310.png,1
Normal-1055.png,0
TB-3403.png,1
TB-2030.png,1
Normal-1498.png,0
Normal-3453.png,0
Normal-3167.png,0
Normal-2063.png,0
Normal-1942.png,0
Normal-2439.png,0
Normal-1867.png,0
TB-1610.png,1
Normal-1762.png,0
Normal-2866.png,0
Normal-3039.png,0
Normal-1732.png,0
Normal-764.png,0
Normal-1876.png,0
TB-2129.png,1
Normal-664.png,0
TB-1744.png,1
Normal-848.png,0
Normal-2643.png,0
TB-2239.png,1
TB-760.png,1
TB-2704.png,1
Normal-956.png,0
TB-2397.png,1
Normal-2419.png,0
TB-2413.png,1
Normal-648.png,0
Normal-1116.png,0
Normal-1604.png,0
TB-1222.png,1
TB-438.png,1
TB-1455.png,1
TB-40.png,1
TB-655.png,1
TB-428.png,1
TB-276.png,1
Normal-703.png,0
Normal-1821.png,0
TB-801.png,1
TB-2352.png,1
TB-2144.png,1
Normal-3126.png,0
Normal-3366.png,0
Normal-2420.png,0
TB-1533.png,1
Normal-2110.png,0
TB-2254.png,1
Normal-2688.png,0
Normal-2709.png,0
Normal-1357.png,0
TB-1274.png,1
Normal-2782.png,0
Normal-446.png,0
TB-1758.png,1
TB-1488.png,1
Normal-3087.png,0
Normal-454.png,0
TB-1615.png,1
TB-2870.png,1
Normal-1539.png,0
Normal-696.png,0
TB-1312.png,1
TB-2356.png,1
Normal-2508.png,0
Normal-2346.png,0
Normal-2895.png,0
Normal-3243.png,0
TB-1838.png,1
TB-2122.png,1
TB-123.png,1
TB-2926.png,1
Normal-2628.png,0
TB-2003.png,1
TB-869.png,1
TB-2336.png,1
TB-184.png,1
TB-2780.png,1
Normal-2451.png,0
Normal-2737.png,0
Normal-2810.png,0
Normal-1557.png,0
TB-2824.png,1
Normal-2080.png,0
TB-695.png,1
Normal-3317.png,0
TB-105.png,1
TB-398.png,1
Normal-1901.png,0
TB-448.png,1
Normal-2434.png,0
Normal-437.png,0
Normal-3249.png,0
TB-2157.png,1
TB-1539.png,1
TB-485.png,1
Normal-927.png,0
Normal-308.png,0
Normal-1558.png,0
TB-2014.png,1
TB-1910.png,1
TB-3133.png,1
Normal-2684.png,0
Normal-1962.png,0
Normal-2534.png,0
Normal-2850.png,0
TB-690.png,1
TB-1303.png,1
TB-2107.png,1
TB-1252.png,1
TB-993.png,1
Normal-947.png,0
Normal-2138.png,0
TB-141.png,1
TB-1075.png,1
TB-2155.png,1
TB-2818.png,1
Normal-1264.png,0
TB-3032.png,1
Normal-1531.png,0
TB-3402.png,1
TB-3136.png,1
Normal-349.png,0
Normal-2344.png,0
TB-2169.png,1
TB-235.png,1
Normal-589.png,0
TB-1169.png,1
Normal-1301.png,0
TB-2668.png,1
TB-2033.png,1
Normal-1314.png,0
Normal-2644.png,0
Normal-880.png,0
Normal-1841.png,0
TB-3161.png,1
TB-2912.png,1
Normal-1972.png,0
Normal-2035.png,0
Normal-709.png,0
Normal-642.png,0
TB-23.png,1
Normal-1022.png,0
Normal-2831.png,0
Normal-3239.png,0
TB-1591.png,1
Normal-2102.png,0
TB-1824.png,1
Normal-2929.png,0
TB-2467.png,1
TB-291.png,1
Normal-2028.png,0
Normal-680.png,0
Normal-2531.png,0
Normal-34.png,0
Normal-2001.png,0
Normal-2293.png,0
Normal-2632.png,0
Normal-1728.png,0
Normal-3037.png,0
TB-3145.png,1
TB-1371.png,1
TB-1384.png,1
TB-1370.png,1
Normal-1879.png,0
TB-168.png,1
Normal-1701.png,0
Normal-2636.png,0
TB-3397.png,1
Normal-141.png,0
Normal-3404.png,0
TB-1038.png,1
TB-2866.png,1
TB-1704.png,1
Normal-2271.png,0
Normal-1431.png,0
Normal-3002.png,0
Normal-1195.png,0
TB-1521.png,1
Normal-739.png,0
TB-2175.png,1
TB-960.png,1
Normal-1862.png,0
TB-1131.png,1
TB-2553.png,1
TB-2285.png,1
TB-1822.png,1
Normal-2794.png,0
TB-979.png,1
TB-1031.png,1
Normal-195.png,0
Normal-66.png,0
TB-2804.png,1
TB-326.png,1
Normal-549.png,0
Normal-1610.png,0
TB-1318.png,1
Normal-3161.png,0
TB-3358.png,1
TB-932.png,1
Normal-3484.png,0
TB-1987.png,1
Normal-2759.png,0
Normal-2146.png,0
Normal-3391.png,0
TB-3245.png,1
TB-1207.png,1
Normal-1667.png,0
TB-1621.png,1
Normal-2961.png,0
Normal-2495.png,0
Normal-407.png,0
Normal-2960.png,0
Normal-3363.png,0
TB-1754.png,1
TB-1233.png,1
TB-1725.png,1
TB-2700.png,1
Normal-1702.png,0
TB-1731.png,1
Normal-2878.png,0
TB-2813.png,1
TB-1651.png,1
TB-1748.png,1
Normal-335.png,0
Normal-1009.png,0
Normal-2694.png,0
TB-2847.png,1
Normal-3010.png,0
TB-1144.png,1
Normal-2051.png,0
Normal-3379.png,0
Normal-1997.png,0
Normal-1915.png,0
Normal-2608.png,0
Normal-726.png,0
Normal-1204.png,0
TB-875.png,1
Normal-2818.png,0
Normal-932.png,0
TB-3151.png,1
Normal-252.png,0
Normal-3327.png,0
TB-1593.png,1
TB-367.png,1
Normal-192.png,0
Normal-1484.png,0
TB-60.png,1
TB-3394.png,1
TB-897.png,1
TB-1391.png,1
Normal-689.png,0
Normal-1235.png,0
TB-204.png,1
TB-1528.png,1
TB-2522.png,1
Normal-478.png,0
TB-3498.png,1
TB-963.png,1
Normal-515.png,0
TB-1010.png,1
TB-1850.png,1
TB-542.png,1
Normal-2623.png,0
TB-81.png,1
Normal-2968.png,0
TB-152.png,1
Normal-231.png,0
TB-1021.png,1
TB-3254.png,1
Normal-3183.png,0
TB-2486.png,1
Normal-3015.png,0
Normal-2412.png,0
Normal-3438.png,0
TB-219.png,1
TB-3014.png,1
TB-2471.png,1
TB-2430.png,1
Normal-2795.png,0
Normal-751.png,0
TB-1446.png,1
Normal-2732.png,0
TB-3229.png,1
TB-1146.png,1
TB-3472.png,1
Normal-1875.png,0
TB-2361.png,1
Normal-1158.png,0
TB-2945.png,1
Normal-503.png,0
TB-915.png,1
TB-339.png,1
Normal-826.png,0
Normal-2939.png,0
Normal-2746.png,0
TB-320.png,1
TB-3378.png,1
TB-2353.png,1
TB-1356.png,1
Normal-1190.png,0
Normal-3232.png,0
TB-983.png,1
Normal-1614.png,0
Normal-2222.png,0
Normal-1438.png,0
TB-1333.png,1
Normal-1416.png,0
Normal-2582.png,0
TB-793.png,1
Normal-1450.png,0
Normal-2848.png,0
TB-677.png,1
Normal-704.png,0
TB-2263.png,1
Normal-3497.png,0
TB-2265.png,1
Normal-384.png,0
TB-2999.png,1
Normal-2045.png,0
Normal-543.png,0
TB-3265.png,1
TB-707.png,1
Normal-2863.png,0
Normal-2721.png,0
Normal-2054.png,0
Normal-3386.png,0
TB-47.png,1
Normal-2766.png,0
Normal-1572.png,0
TB-126.png,1
Normal-1922.png,0
TB-1755.png,1
TB-2469.png,1
Normal-972.png,0
TB-1334.png,1
TB-354.png,1
TB-1079.png,1
Normal-1451.png,0
Normal-486.png,0
TB-813.png,1
TB-1300.png,1
Normal-332.png,0
TB-1151.png,1
TB-2041.png,1
Normal-3143.png,0
TB-593.png,1
TB-3137.png,1
TB-58.png,1
Normal-1015.png,0
Normal-1987.png,0
TB-3362.png,1
TB-1282.png,1
Normal-520.png,0
Normal-737.png,0
TB-2212.png,1
TB-450.png,1
TB-1430.png,1
TB-1659.png,1
TB-1202.png,1
TB-2806.png,1
Normal-2807.png,0
Normal-2382.png,0
Normal-2774.png,0
Normal-2651.png,0
Normal-2154.png,0
Normal-477.png,0
Normal-1581.png,0
Normal-1729.png,0
TB-2868.png,1
Normal-809.png,0
Normal-2315.png,0
Normal-3409.png,0
TB-1872.png,1
TB-1033.png,1
Normal-387.png,0
Normal-1672.png,0
TB-1523.png,1
TB-2419.png,1
TB-2952.png,1
TB-2104.png,1
TB-2583.png,1
TB-2279.png,1
TB-1789.png,1
TB-2463.png,1
TB-1238.png,1
Normal-371.png,0
TB-458.png,1
Normal-2215.png,0
Normal-1969.png,0
TB-527.png,1
TB-3348.png,1
Normal-718.png,0
TB-3184.png,1
TB-3211.png,1
TB-285.png,1
TB-1445.png,1
TB-2702.png,1
Normal-1955.png,0
Normal-2575.png,0
Normal-46.png,0
Normal-2769.png,0
Normal-3027.png,0
Normal-769.png,0
Normal-461.png,0
Normal-659.png,0
Normal-2388.png,0
TB-627.png,1
TB-528.png,1
Normal-31.png,0
TB-240.png,1
Normal-242.png,0
TB-3007.png,1
Normal-1213.png,0
TB-1375.png,1
Normal-3385.png,0
TB-192.png,1
Normal-1632.png,0
TB-2096.png,1
Normal-1356.png,0
TB-1249.png,1
TB-2729.png,1
TB-2812.png,1
Normal-419.png,0
TB-2270.png,1
Normal-2963.png,0
TB-860.png,1
Normal-1967.png,0
TB-1186.png,1
Normal-1125.png,0
TB-3175.png,1
TB-2084.png,1
TB-718.png,1
TB-985.png,1
Normal-1341.png,0
TB-1055.png,1
Normal-2844.png,0
TB-2763.png,1
TB-119.png,1
TB-3346.png,1
TB-2537.png,1
TB-1053.png,1
Normal-2860.png,0
TB-1589.png,1
TB-2907.png,1
Normal-2258.png,0
Normal-2065.png,0
TB-180.png,1
Normal-169.png,0
TB-1306.png,1
TB-2093.png,1
TB-1432.png,1
TB-154.png,1
Normal-414.png,0
Normal-1743.png,0
Normal-2533.png,0
TB-2323.png,1
TB-82.png,1
TB-1722.png,1
TB-683.png,1
TB-391.png,1
Normal-1920.png,0
TB-1895.png,1
TB-78.png,1
Normal-1784.png,0
TB-1124.png,1
Normal-2469.png,0
Normal-433.png,0
TB-1813.png,1
TB-2458.png,1
TB-1614.png,1
TB-3290.png,1
TB-95.png,1
Normal-1617.png,0
Normal-3137.png,0
Normal-742.png,0
TB-610.png,1
TB-698.png,1
TB-976.png,1
Normal-2457.png,0
Normal-1858.png,0
TB-3047.png,1
Normal-750.png,0
TB-3451.png,1
TB-3131.png,1
TB-1239.png,1
Normal-3313.png,0
TB-1747.png,1
Normal-1309.png,0
Normal-1469.png,0
Normal-60.png,0
Normal-2806.png,0
TB-2969.png,1
Normal-1606.png,0
TB-3018.png,1
TB-384.png,1
TB-378.png,1
TB-1125.png,1
TB-2707.png,1
TB-431.png,1
TB-2506.png,1
TB-1210.png,1
Normal-1282.png,0
TB-383.png,1
Normal-2823.png,0
Normal-500.png,0
Normal-608.png,0
Normal-1275.png,0
TB-1792.png,1
TB-3483.png,1
TB-908.png,1
TB-1506.png,1
Normal-604.png,0
Normal-736.png,0
Normal-3447.png,0
TB-1729.png,1
Normal-2918.png,0
TB-2412.png,1
TB-612.png,1
Normal-2471.png,0
TB-269.png,1
Normal-2714.png,0
Normal-1825.png,0
Normal-948.png,0
Normal-3204.png,0
Normal-3273.png,0
Normal-2366.png,0
Normal-2846.png,0
Normal-1280.png,0
TB-1866.png,1
Normal-2913.png,0
Normal-350.png,0
TB-2091.png,1
Normal-2695.png,0
Normal-2090.png,0
TB-3181.png,1
TB-3074.png,1
TB-1679.png,1
Normal-3257.png,0
Normal-3265.png,0
TB-1915.png,1
TB-3230.png,1
TB-883.png,1
TB-735.png,1
TB-1023.png,1
Normal-2809.png,0
Normal-3381.png,0
TB-2255.png,1
Normal-1480.png,0
Normal-2598.png,0
Normal-1351.png,0
Normal-1566.png,0
TB-744.png,1
Normal-502.png,0
TB-454.png,1
TB-1762.png,1
Normal-857.png,0
TB-625.png,1
TB-2379.png,1
Normal-3209.png,0
TB-2499.png,1
Normal-2321.png,0
TB-2711.png,1
TB-333.png,1
Normal-65.png,0
Normal-1214.png,0
TB-680.png,1
Normal-2853.png,0
TB-1136.png,1
TB-3376.png,1
TB-1296.png,1
TB-2654.png,1
TB-1141.png,1
TB-3341.png,1
Normal-1949.png,0
Normal-1961.png,0
Normal-1932.png,0
TB-594.png,1
TB-1832.png,1
TB-2750.png,1
Normal-1444.png,0
TB-1645.png,1
Normal-3092.png,0
Normal-2519.png,0
TB-3106.png,1
Normal-2499.png,0
Normal-536.png,0
TB-3048.png,1
TB-3334.png,1
Normal-1755.png,0
Normal-1441.png,0
Normal-1628.png,0
TB-856.png,1
Normal-183.png,0
TB-3255.png,1
Normal-2535.png,0
Normal-244.png,0
Normal-618.png,0
TB-1164.png,1
TB-3447.png,1
TB-3164.png,1
TB-2266.png,1
TB-621.png,1
Normal-441.png,0
Normal-1296.png,0
Normal-1054.png,0
Normal-240.png,0
Normal-2384.png,0
Normal-2328.png,0
Normal-1577.png,0
Normal-2474.png,0
Normal-2345.png,0
TB-1047.png,1
TB-3458.png,1
Normal-1965.png,0
Normal-1866.png,0
Normal-1414.png,0
TB-3005.png,1
TB-1841.png,1
TB-2305.png,1
TB-990.png,1
TB-2571.png,1
Normal-416.png,0
TB-2971.png,1
TB-3030.png,1
TB-2111.png,1
TB-475.png,1
TB-537.png,1
TB-144.png,1
Normal-1162.png,0
Normal-2549.png,0
Normal-8.png,0
Normal-601.png,0
Normal-2675.png,0
Normal-1764.png,0
TB-2889.png,1
TB-632.png,1
Normal-3108.png,0
Normal-974.png,0
TB-2047.png,1
Normal-2332.png,0
TB-867.png,1
TB-2436.png,1
TB-2715.png,1
Normal-566.png,0
TB-2851.png,1
Normal-3355.png,0
TB-3275.png,1
TB-2664.png,1
TB-1538.png,1
TB-479.png,1
TB-2555.png,1
Normal-1641.png,0
Normal-844.png,0
Normal-3238.png,0
TB-3400.png,1
Normal-143.png,0
Normal-1931.png,0
Normal-3065.png,0
TB-764.png,1
TB-488.png,1
Normal-1794.png,0
Normal-2733.png,0
TB-768.png,1
TB-3117.png,1
Normal-1777.png,0
Normal-3138.png,0
TB-2572.png,1
Normal-1172.png,0
Normal-1597.png,0
Normal-3091.png,0
Normal-1097.png,0
TB-2873.png,1
TB-1870.png,1
Normal-1212.png,0
TB-3095.png,1
Normal-388.png,0
TB-3490.png,1
Normal-894.png,0
Normal-1579.png,0
Normal-1471.png,0
TB-2304.png,1
Normal-1983.png,0
Normal-56.png,0
TB-2369.png,1
Normal-1671.png,0
Normal-600.png,0
Normal-4.png,0
TB-2406.png,1
Normal-1888.png,0
TB-1666.png,1
Normal-3283.png,0
TB-176.png,1
Normal-576.png,0
Normal-1383.png,0
Normal-33.png,0
Normal-2842.png,0
TB-2200.png,1
Normal-2325.png,0
TB-1208.png,1
Normal-1739.png,0
TB-2986.png,1
Normal-2547.png,0
TB-2693.png,1
TB-1366.png,1
TB-2281.png,1
TB-1534.png,1
Normal-1733.png,0
Normal-2087.png,0
TB-3232.png,1
Normal-2408.png,0
Normal-3315.png,0
Normal-2245.png,0
TB-2074.png,1
TB-2235.png,1
Normal-3208.png,0
Normal-3009.png,0
Normal-488.png,0
Normal-2690.png,0
TB-106.png,1
TB-1133.png,1
Normal-2704.png,0
TB-275.png,1
TB-2820.png,1
Normal-2261.png,0
TB-178.png,1
TB-3093.png,1
TB-2218.png,1
TB-2759.png,1
Normal-3420.png,0
TB-1103.png,1
Normal-313.png,0
Normal-1678.png,0
TB-2058.png,1
TB-2271.png,1
TB-1390.png,1
Normal-1780.png,0
Normal-1877.png,0
Normal-588.png,0
Normal-1315.png,0
TB-1681.png,1
TB-1454.png,1
Normal-2069.png,0
TB-2680.png,1
TB-84.png,1
Normal-3136.png,0
Normal-1411.png,0
Normal-1938.png,0
TB-2557.png,1
TB-2982.png,1
Normal-2715.png,0
TB-2385.png,1
Normal-2657.png,0
TB-832.png,1
Normal-1359.png,0
Normal-1405.png,0
TB-1386.png,1
Normal-1642.png,0
TB-2288.png,1
TB-1166.png,1
Normal-1943.png,0
TB-1601.png,1
Normal-3319.png,0
Normal-957.png,0
TB-1927.png,1
Normal-2532.png,0
Normal-2819.png,0
TB-1418.png,1
Normal-1227.png,0
Normal-157.png,0
Normal-1530.png,0
Normal-1044.png,0
TB-3065.png,1
Normal-1792.png,0
TB-430.png,1
Normal-1246.png,0
Normal-172.png,0
TB-811.png,1
Normal-1210.png,0
Normal-126.png,0
Normal-887.png,0
Normal-2839.png,0
Normal-288.png,0
TB-2637.png,1
TB-2666.png,1
TB-3101.png,1
TB-2860.png,1
TB-4.png,1
Normal-2996.png,0
Normal-1809.png,0
TB-2154.png,1
Normal-3233.png,0
TB-2816.png,1
Normal-2723.png,0
Normal-590.png,0
TB-48.png,1
TB-1270.png,1
Normal-2700.png,0
Normal-779.png,0
Normal-1684.png,0
TB-2574.png,1
Normal-1174.png,0
TB-1812.png,1
Normal-1312.png,0
Normal-3153.png,0
Normal-1433.png,0
Normal-3287.png,0
TB-2484.png,1
TB-147.png,1
Normal-548.png,0
TB-870.png,1
Normal-719.png,0
TB-2441.png,1
Normal-1959.png,0
TB-2728.png,1
Normal-1686.png,0
Normal-29.png,0
Normal-3346.png,0
TB-2456.png,1
Normal-2426.png,0
Normal-522.png,0
TB-1993.png,1
Normal-2260.png,0
Normal-964.png,0
Normal-2010.png,0
TB-2210.png,1
TB-1069.png,1
Normal-2693.png,0
Normal-1385.png,0
TB-402.png,1
TB-3169.png,1
TB-1814.png,1
TB-3107.png,1
TB-1216.png,1
Normal-1038.png,0
TB-2921.png,1
TB-1902.png,1
TB-415.png,1
Normal-1948.png,0
TB-3475.png,1
TB-1290.png,1
Normal-1272.png,0
Normal-2749.png,0
Normal-2937.png,0
Normal-9.png,0
TB-1411.png,1
TB-3454.png,1
TB-205.png,1
Normal-901.png,0
TB-181.png,1
Normal-280.png,0
TB-486.png,1
Normal-2500.png,0
Normal-662.png,0
TB-2936.png,1
Normal-464.png,0
TB-265.png,1
TB-2743.png,1
Normal-565.png,0
Normal-3377.png,0
Normal-1396.png,0
Normal-2931.png,0
Normal-249.png,0
Normal-3169.png,0
TB-3335.png,1
TB-1928.png,1
TB-539.png,1
TB-436.png,1
Normal-155.png,0
TB-1858.png,1
TB-1012.png,1
TB-1794.png,1
TB-1934.png,1
TB-1579.png,1
Normal-3081.png,0
Normal-2020.png,0
TB-1158.png,1
Normal-2103.png,0
Normal-616.png,0
Normal-1083.png,0
Normal-2642.png,0
Normal-2541.png,0
Normal-661.png,0
Normal-1549.png,0
TB-881.png,1
TB-1823.png,1
Normal-1448.png,0
TB-1481.png,1
Normal-2740.png,0
Normal-1647.png,0
Normal-2493.png,0
Normal-3115.png,0
TB-3094.png,1
Normal-491.png,0
Normal-677.png,0
Normal-2666.png,0
Normal-3062.png,0
Normal-1361.png,0
Normal-2672.png,0
Normal-35.png,0
TB-1522.png,1
TB-115.png,1
Normal-2389.png,0
TB-1676.png,1
Normal-2025.png,0
Normal-1696.png,0
TB-2972.png,1
Normal-1153.png,0
Normal-492.png,0
TB-1150.png,1
Normal-1811.png,0
Normal-2669.png,0
TB-1389.png,1
TB-829.png,1
Normal-663.png,0
TB-1477.png,1
TB-289.png,1
TB-1156.png,1
TB-2483.png,1
Normal-1551.png,0
Normal-2639.png,0
TB-1785.png,1
TB-2307.png,1
TB-3068.png,1
Normal-800.png,0
TB-1343.png,1
Normal-3476.png,0
Normal-3084.png,0
Normal-636.png,0
TB-2856.png,1
TB-1759.png,1
TB-1917.png,1
Normal-424.png,0
TB-1732.png,1
TB-1094.png,1
Normal-3133.png,0
Normal-3359.png,0
Normal-2248.png,0
Normal-954.png,0
TB-208.png,1
TB-220.png,1
Normal-2122.png,0
Normal-2017.png,0
Normal-476.png,0
Normal-2097.png,0
TB-3321.png,1
TB-293.png,1
Normal-3141.png,0
TB-3240.png,1
Normal-2698.png,0
Normal-2781.png,0
TB-408.png,1
TB-2900.png,1
TB-3438.png,1
TB-2667.png,1
TB-1884.png,1
TB-2843.png,1
TB-2615.png,1
Normal-691.png,0
Normal-558.png,0
Normal-1000.png,0
Normal-2988.png,0
Normal-1012.png,0
TB-288.png,1
Normal-1970.png,0
TB-2286.png,1
Normal-774.png,0
Normal-206.png,0
TB-1360.png,1
Normal-2405.png,0
Normal-1005.png,0
Normal-1233.png,0
TB-470.png,1
TB-3446.png,1
Normal-3310.png,0
Normal-529.png,0
Normal-979.png,0
Normal-2965.png,0
TB-719.png,1
Normal-3135.png,0
TB-1086.png,1
TB-1502.png,1
Normal-2869.png,0
Normal-3499.png,0
TB-3325.png,1
TB-3051.png,1
Normal-1819.png,0
Normal-2414.png,0
TB-750.png,1
TB-1187.png,1
Normal-1468.png,0
Normal-2522.png,0